PurchaseLineID,PurchaseOrderID,DateKey,SupplierID,ProductID,QuantityPurchased,UnitCost,TotalCost,PurchaseStatus
PL0000001,PO202500001,20250415,SUP013,P000051,25,5.69,142.25,Received
PL0000002,PO202500001,20250415,SUP013,P000006,25,5.99,149.75,Received
PL0000003,PO202500001,20250415,SUP013,P000038,22,4.29,94.38,Received
PL0000004,PO202500001,20250415,SUP013,P000031,22,4.99,109.78,Received
PL0000005,PO202400002,20240315,SUP010,P000720,21,4.49,94.29,Received
PL0000006,PO202400002,20240315,SUP010,P000764,22,9.99,219.78,Received
PL0000007,PO202400002,20240315,SUP010,P000748,24,3.49,83.76,Received
PL0000008,PO202400002,20240315,SUP010,P000712,21,13.49,283.29,Received
PL0000009,PO202400002,20240315,SUP010,P000730,23,5.99,137.77,Received
PL0000010,PO202400002,20240315,SUP010,P000745,21,5.99,125.79,Received
PL0000011,PO202400002,20240315,SUP010,P000761,25,8.99,224.75,Received
PL0000012,PO202400002,20240315,SUP010,P000763,26,9.99,259.74,Received
PL0000013,PO202400003,20240115,SUP012,P000057,23,6.99,160.77,Received
PL0000014,PO202400003,20240115,SUP012,P000061,23,5.99,137.77,Received
PL0000015,PO202400003,20240115,SUP012,P000058,23,7.29,167.67,Received
PL0000016,PO202400003,20240115,SUP012,P000028,25,6.49,162.25,Received
PL0000017,PO202400003,20240115,SUP012,P000019,22,5.99,131.78,Received
PL0000018,PO202400003,20240115,SUP012,P000010,24,4.99,119.76,Received
PL0000019,PO202400003,20240115,SUP012,P000063,24,5.99,143.76,Received
PL0000020,PO202400003,20240115,SUP012,P000015,22,5.99,131.78,Received
PL0000021,PO202500004,20250715,SUP012,P000062,21,5.79,121.59,Pending
PL0000022,PO202500004,20250715,SUP012,P000058,23,7.29,167.67,Pending
PL0000023,PO202500004,20250715,SUP012,P000010,25,4.99,124.75,Pending
PL0000024,PO202500004,20250715,SUP012,P000026,22,5.69,125.18,Pending
PL0000025,PO202500004,20250715,SUP012,P000028,26,6.49,168.74,Pending
PL0000026,PO202400005,20240915,SUP004,P000227,21,5.29,111.09,Received
PL0000027,PO202400005,20240915,SUP004,P000270,21,6.49,136.29,Received
PL0000028,PO202400005,20240915,SUP004,P000216,24,6.79,162.96,Received
PL0000029,PO202400005,20240915,SUP004,P000214,24,6.49,155.76,Received
PL0000030,PO202500006,20250315,SUP023,P000092,28,14.29,400.12,Received
PL0000031,PO202500006,20250315,SUP023,P000090,21,12.99,272.79,Received
PL0000032,PO202500006,20250315,SUP023,P000112,25,4.39,109.75,Received
PL0000033,PO202500006,20250315,SUP023,P000087,21,4.29,90.09,Received
PL0000034,PO202500006,20250315,SUP023,P000108,30,5.19,155.7,Received
PL0000035,PO202500006,20250315,SUP023,P000086,21,4.29,90.09,Received
PL0000036,PO202500007,20250915,SUP008,P000603,26,5.29,137.54,Received
PL0000037,PO202500007,20250915,SUP008,P000629,22,7.49,164.78,Received
PL0000038,PO202500007,20250915,SUP008,P000623,28,5.49,153.72,Received
PL0000039,PO202500007,20250915,SUP008,P000591,26,4.29,111.54,Received
PL0000040,PO202500007,20250915,SUP008,P000638,21,4.49,94.29,Received
PL0000041,PO202500007,20250915,SUP008,P000618,26,6.79,176.54,Received
PL0000042,PO202500007,20250915,SUP008,P000601,22,4.49,98.78,Received
PL0000043,PO202500007,20250915,SUP008,P000622,23,4.79,110.17,Received
PL0000044,PO202500008,20251015,SUP006,P000362,25,2.49,62.25,Received
PL0000045,PO202500008,20251015,SUP006,P000369,27,2.99,80.73,Received
PL0000046,PO202500008,20251015,SUP006,P000444,21,1.89,39.69,Received
PL0000047,PO202500008,20251015,SUP006,P000410,21,3.49,73.29,Received
PL0000048,PO202400009,20240915,SUP013,P000052,23,5.69,130.87,Received
PL0000049,PO202400009,20240915,SUP013,P000033,23,5.19,119.37,Received
PL0000050,PO202400009,20240915,SUP013,P000034,23,5.99,137.77,Received
PL0000051,PO202400009,20240915,SUP013,P000050,23,5.49,126.27,Received
PL0000052,PO202400009,20240915,SUP013,P000038,29,4.29,124.41,Received
PL0000053,PO202400010,20240515,SUP003,P000639,23,9.99,229.77,Received
PL0000054,PO202400010,20240515,SUP003,P000165,24,0.99,23.76,Received
PL0000055,PO202400010,20240515,SUP003,P000635,24,4.99,119.76,Received
PL0000056,PO202400010,20240515,SUP003,P000178,25,1.79,44.75,Received
PL0000057,PO202400010,20240515,SUP003,P000193,23,1.69,38.87,Received
PL0000058,PO202400010,20240515,SUP003,P000131,25,3.99,99.75,Received
PL0000059,PO202400010,20240515,SUP003,P000132,24,0.79,18.96,Received
PL0000060,PO202400010,20240515,SUP003,P000166,23,1.19,27.37,Received
PL0000061,PO202400011,20240815,SUP009,P000676,28,7.99,223.72,Received
PL0000062,PO202400011,20240815,SUP009,P000707,26,18.99,493.74,Received
PL0000063,PO202400011,20240815,SUP009,P000669,25,10.99,274.75,Received
PL0000064,PO202400011,20240815,SUP009,P000675,21,24.99,524.79,Received
PL0000065,PO202400012,20240215,SUP011,P000801,24,5.49,131.76,Received
PL0000066,PO202400012,20240215,SUP011,P000805,25,5.99,149.75,Received
PL0000067,PO202400012,20240215,SUP011,P000798,21,5.29,111.09,Received
PL0000068,PO202400012,20240215,SUP011,P000776,22,2.99,65.78,Received
PL0000069,PO202400012,20240215,SUP011,P000841,21,6.49,136.29,Received
PL0000070,PO202500013,20251015,SUP016,P000358,23,5.99,137.77,Received
PL0000071,PO202500013,20251015,SUP016,P000303,21,2.59,54.39,Received
PL0000072,PO202500013,20251015,SUP016,P000317,21,11.49,241.29,Received
PL0000073,PO202500013,20251015,SUP016,P000313,23,7.49,172.27,Received
PL0000074,PO202500013,20251015,SUP016,P000319,27,2.99,80.73,Received
PL0000075,PO202500013,20251015,SUP016,P000302,23,2.59,59.57,Received
PL0000076,PO202500013,20251015,SUP016,P000340,22,3.99,87.78,Received
PL0000077,PO202500014,20250315,SUP006,P000382,22,0.99,21.78,Received
PL0000078,PO202500014,20250315,SUP006,P000413,24,1.89,45.36,Received
PL0000079,PO202500014,20250315,SUP006,P000369,25,2.99,74.75,Received
PL0000080,PO202500014,20250315,SUP006,P000389,28,1.19,33.32,Received
PL0000081,PO202500014,20250315,SUP006,P000419,22,3.49,76.78,Received
PL0000082,PO202500014,20250315,SUP006,P000407,22,2.99,65.78,Received
PL0000083,PO202500014,20250315,SUP006,P000396,28,2.29,64.12,Received
PL0000084,PO202500015,20251015,SUP003,P000635,22,4.99,109.78,Received
PL0000085,PO202500015,20251015,SUP003,P000627,24,3.99,95.76,Received
PL0000086,PO202500015,20251015,SUP003,P000208,25,2.49,62.25,Received
PL0000087,PO202500015,20251015,SUP003,P000640,21,7.49,157.29,Received
PL0000088,PO202500016,20250315,SUP012,P000029,23,6.29,144.67,Received
PL0000089,PO202500016,20250315,SUP012,P000024,24,5.49,131.76,Received
PL0000090,PO202500016,20250315,SUP012,P000023,24,5.49,131.76,Received
PL0000091,PO202500016,20250315,SUP012,P000057,26,6.99,181.74,Received
PL0000092,PO202500016,20250315,SUP012,P000060,23,6.49,149.27,Received
PL0000093,PO202500016,20250315,SUP012,P000069,21,5.99,125.79,Received
PL0000094,PO202500016,20250315,SUP012,P000010,22,4.99,109.78,Received
PL0000095,PO202400017,20240915,SUP006,P000395,22,2.29,50.38,Received
PL0000096,PO202400017,20240915,SUP006,P000444,22,1.89,41.58,Received
PL0000097,PO202400017,20240915,SUP006,P000400,26,3.49,90.74,Received
PL0000098,PO202400017,20240915,SUP006,P000401,23,8.49,195.27,Received
PL0000099,PO202500018,20250615,SUP013,P000051,23,5.69,130.87,Received
PL0000100,PO202500018,20250615,SUP013,P000056,23,5.99,137.77,Received
PL0000101,PO202500018,20250615,SUP013,P000006,27,5.99,161.73,Received
PL0000102,PO202500018,20250615,SUP013,P000055,22,5.19,114.18,Received
PL0000103,PO202500018,20250615,SUP013,P000068,22,5.99,131.78,Received
PL0000104,PO202500018,20250615,SUP013,P000032,26,5.19,134.94,Received
PL0000105,PO202500019,20250115,SUP008,P000609,26,3.99,103.74,Received
PL0000106,PO202500019,20250115,SUP008,P000633,22,3.99,87.78,Received
PL0000107,PO202500019,20250115,SUP008,P000638,22,4.49,98.78,Received
PL0000108,PO202500019,20250115,SUP008,P000596,24,4.99,119.76,Received
PL0000109,PO202500019,20250115,SUP008,P000603,21,5.29,111.09,Received
PL0000110,PO202500019,20250115,SUP008,P000601,21,4.49,94.29,Received
PL0000111,PO202500019,20250115,SUP008,P000615,22,5.49,120.78,Received
PL0000112,PO202500019,20250115,SUP008,P000632,22,7.99,175.78,Received
PL0000113,PO202400020,20240315,SUP016,P000330,24,3.49,83.76,Received
PL0000114,PO202400020,20240315,SUP016,P000298,24,2.19,52.56,Received
PL0000115,PO202400020,20240315,SUP016,P000278,22,2.29,50.38,Received
PL0000116,PO202400020,20240315,SUP016,P000300,22,2.69,59.18,Received
PL0000117,PO202400020,20240315,SUP016,P000344,29,5.49,159.21,Received
PL0000118,PO202400020,20240315,SUP016,P000287,25,5.49,137.25,Received
PL0000119,PO202400021,20241215,SUP029,P000448,23,2.79,64.17,Received
PL0000120,PO202400021,20241215,SUP029,P000434,26,1.19,30.94,Received
PL0000121,PO202400021,20241215,SUP029,P000398,23,2.49,57.27,Received
PL0000122,PO202400021,20241215,SUP029,P000377,25,2.99,74.75,Received
PL0000123,PO202500022,20251015,SUP009,P000689,23,11.99,275.77,Received
PL0000124,PO202500022,20251015,SUP009,P000681,28,6.99,195.72,Received
PL0000125,PO202500022,20251015,SUP009,P000685,27,8.49,229.23,Received
PL0000126,PO202500022,20251015,SUP009,P000691,22,9.99,219.78,Received
PL0000127,PO202500022,20251015,SUP009,P000642,21,5.99,125.79,Received
PL0000128,PO202500022,20251015,SUP009,P000644,22,11.99,263.78,Received
PL0000129,PO202500022,20251015,SUP009,P000643,24,7.49,179.76,Received
PL0000130,PO202500022,20251015,SUP009,P000695,23,7.49,172.27,Received
PL0000131,PO202500023,20250115,SUP013,P000068,22,5.99,131.78,Received
PL0000132,PO202500023,20250115,SUP013,P000032,25,5.19,129.75,Received
PL0000133,PO202500023,20250115,SUP013,P000067,22,5.99,131.78,Received
PL0000134,PO202500023,20250115,SUP013,P000035,23,4.29,98.67,Received
PL0000135,PO202500023,20250115,SUP013,P000065,26,7.29,189.54,Received
PL0000136,PO202500023,20250115,SUP013,P000005,25,4.99,124.75,Received
PL0000137,PO202500023,20250115,SUP013,P000055,26,5.19,134.94,Received
PL0000138,PO202500024,20250315,SUP008,P000596,23,4.99,114.77,Received
PL0000139,PO202500024,20250315,SUP008,P000595,31,4.69,145.39,Received
PL0000140,PO202500024,20250315,SUP008,P000608,22,3.49,76.78,Received
PL0000141,PO202500024,20250315,SUP008,P000625,26,4.29,111.54,Received
PL0000142,PO202500024,20250315,SUP008,P000618,28,6.79,190.12,Received
PL0000143,PO202500025,20251115,SUP005,P000350,24,1.69,40.56,Received
PL0000144,PO202500025,20251115,SUP005,P000304,33,4.49,148.17,Received
PL0000145,PO202500025,20251115,SUP005,P000306,23,4.79,110.17,Received
PL0000146,PO202500025,20251115,SUP005,P000285,23,2.49,57.27,Received
PL0000147,PO202400026,20240615,SUP004,P000242,23,3.99,91.77,Received
PL0000148,PO202400026,20240615,SUP004,P000267,26,4.29,111.54,Received
PL0000149,PO202400026,20240615,SUP004,P000249,23,8.49,195.27,Received
PL0000150,PO202400026,20240615,SUP004,P000232,22,5.99,131.78,Received
PL0000151,PO202400026,20240615,SUP004,P000253,25,8.99,224.75,Received
PL0000152,PO202400026,20240615,SUP004,P000268,21,4.29,90.09,Received
PL0000153,PO202400026,20240615,SUP004,P000269,22,4.49,98.78,Received
PL0000154,PO202400026,20240615,SUP004,P000243,23,4.19,96.37,Received
PL0000155,PO202500027,20250515,SUP002,P000089,21,4.49,94.29,Received
PL0000156,PO202500027,20250515,SUP002,P000113,26,4.59,119.34,Received
PL0000157,PO202500027,20250515,SUP002,P000077,22,2.49,54.78,Received
PL0000158,PO202500027,20250515,SUP002,P000106,21,3.89,81.69,Received
PL0000159,PO202500027,20250515,SUP002,P000088,23,4.49,103.27,Received
PL0000160,PO202500027,20250515,SUP002,P000105,24,3.49,83.76,Received
PL0000161,PO202500027,20250515,SUP002,P000118,21,4.19,87.99,Received
PL0000162,PO202500028,20250415,SUP023,P000103,21,3.39,71.19,Received
PL0000163,PO202500028,20250415,SUP023,P000117,21,3.59,75.39,Received
PL0000164,PO202500028,20250415,SUP023,P000099,21,3.39,71.19,Received
PL0000165,PO202500028,20250415,SUP023,P000091,26,13.49,350.74,Received
PL0000166,PO202400029,20240315,SUP013,P000035,21,4.29,90.09,Received
PL0000167,PO202400029,20240315,SUP013,P000047,21,4.29,90.09,Received
PL0000168,PO202400029,20240315,SUP013,P000055,23,5.19,119.37,Received
PL0000169,PO202400029,20240315,SUP013,P000050,28,5.49,153.72,Received
PL0000170,PO202400029,20240315,SUP013,P000054,23,5.29,121.67,Received
PL0000171,PO202400030,20240715,SUP023,P000091,23,13.49,310.27,Cancelled
PL0000172,PO202400030,20240715,SUP023,P000079,23,2.89,66.47,Cancelled
PL0000173,PO202400030,20240715,SUP023,P000123,22,4.99,109.78,Cancelled
PL0000174,PO202400030,20240715,SUP023,P000086,23,4.29,98.67,Cancelled
PL0000175,PO202400030,20240715,SUP023,P000090,22,12.99,285.78,Cancelled
PL0000176,PO202400030,20240715,SUP023,P000124,23,5.39,123.97,Cancelled
PL0000177,PO202400030,20240715,SUP023,P000128,23,4.19,96.37,Cancelled
PL0000178,PO202500031,20250915,SUP012,P000020,24,6.79,162.96,Received
PL0000179,PO202500031,20250915,SUP012,P000019,22,5.99,131.78,Received
PL0000180,PO202500031,20250915,SUP012,P000009,25,3.49,87.25,Received
PL0000181,PO202500031,20250915,SUP012,P000015,22,5.99,131.78,Received
PL0000182,PO202400032,20240615,SUP004,P000221,21,3.69,77.49,Received
PL0000183,PO202400032,20240615,SUP004,P000211,24,5.99,143.76,Received
PL0000184,PO202400032,20240615,SUP004,P000260,23,5.49,126.27,Received
PL0000185,PO202400032,20240615,SUP004,P000238,26,6.49,168.74,Received
PL0000186,PO202400032,20240615,SUP004,P000225,21,3.89,81.69,Received
PL0000187,PO202400032,20240615,SUP004,P000246,24,4.39,105.36,Received
PL0000188,PO202400032,20240615,SUP004,P000224,23,3.99,91.77,Received
PL0000189,PO202500033,20250615,SUP011,P000842,23,5.99,137.77,Received
PL0000190,PO202500033,20250615,SUP011,P000847,23,12.99,298.77,Received
PL0000191,PO202400034,20240615,SUP006,P000450,21,2.99,62.79,Received
PL0000192,PO202400034,20240615,SUP006,P000407,22,2.99,65.78,Received
PL0000193,PO202400034,20240615,SUP006,P000378,23,3.49,80.27,Received
PL0000194,PO202400034,20240615,SUP006,P000413,24,1.89,45.36,Received
PL0000195,PO202500035,20250315,SUP006,P000419,22,3.49,76.78,Received
PL0000196,PO202500035,20250315,SUP006,P000428,22,1.39,30.58,Received
PL0000197,PO202500035,20250315,SUP006,P000427,24,1.39,33.36,Received
PL0000198,PO202500035,20250315,SUP006,P000362,24,2.49,59.76,Received
PL0000199,PO202500035,20250315,SUP006,P000435,23,4.49,103.27,Received
PL0000200,PO202500035,20250315,SUP006,P000444,27,1.89,51.03,Received
PL0000201,PO202500035,20250315,SUP006,P000432,23,1.49,34.27,Received
PL0000202,PO202500036,20250315,SUP011,P000836,25,8.99,224.75,Received
PL0000203,PO202500036,20250315,SUP011,P000802,22,5.49,120.78,Received
PL0000204,PO202500036,20250315,SUP011,P000831,24,8.99,215.76,Received
PL0000205,PO202500036,20250315,SUP011,P000835,21,9.49,199.29,Received
PL0000206,PO202500037,20251015,SUP030,P000522,26,3.49,90.74,Received
PL0000207,PO202500037,20251015,SUP030,P000579,21,3.29,69.09,Received
PL0000208,PO202500037,20251015,SUP030,P000565,30,3.99,119.7,Received
PL0000209,PO202500037,20251015,SUP030,P000504,24,3.49,83.76,Received
PL0000210,PO202500037,20251015,SUP030,P000571,21,4.99,104.79,Received
PL0000211,PO202500037,20251015,SUP030,P000464,21,3.99,83.79,Received
PL0000212,PO202500037,20251015,SUP030,P000517,24,6.99,167.76,Received
PL0000213,PO202500037,20251015,SUP030,P000555,23,2.29,52.67,Received
PL0000214,PO202500038,20250115,SUP023,P000087,24,4.29,102.96,Received
PL0000215,PO202500038,20250115,SUP023,P000123,25,4.99,124.75,Received
PL0000216,PO202500038,20250115,SUP023,P000091,21,13.49,283.29,Received
PL0000217,PO202500038,20250115,SUP023,P000092,24,14.29,342.96,Received
PL0000218,PO202500038,20250115,SUP023,P000103,23,3.39,77.97,Received
PL0000219,PO202500038,20250115,SUP023,P000107,23,4.99,114.77,Received
PL0000220,PO202500039,20250415,SUP023,P000112,24,4.39,105.36,Received
PL0000221,PO202500039,20250415,SUP023,P000091,26,13.49,350.74,Received
PL0000222,PO202500039,20250415,SUP023,P000092,21,14.29,300.09,Received
PL0000223,PO202500039,20250415,SUP023,P000103,21,3.39,71.19,Received
PL0000224,PO202500039,20250415,SUP023,P000104,22,3.49,76.78,Received
PL0000225,PO202500039,20250415,SUP023,P000099,21,3.39,71.19,Received
PL0000226,PO202400040,20240615,SUP004,P000246,24,4.39,105.36,Received
PL0000227,PO202400040,20240615,SUP004,P000242,23,3.99,91.77,Received
PL0000228,PO202400040,20240615,SUP004,P000258,23,3.99,91.77,Received
PL0000229,PO202400040,20240615,SUP004,P000270,26,6.49,168.74,Received
PL0000230,PO202400040,20240615,SUP004,P000253,25,8.99,224.75,Received
PL0000231,PO202400040,20240615,SUP004,P000257,22,8.99,197.78,Received
PL0000232,PO202400040,20240615,SUP004,P000265,21,5.19,108.99,Received
PL0000233,PO202400040,20240615,SUP004,P000211,24,5.99,143.76,Received
PL0000234,PO202500041,20250215,SUP006,P000444,22,1.89,41.58,Received
PL0000235,PO202500041,20250215,SUP006,P000410,21,3.49,73.29,Received
PL0000236,PO202500041,20250215,SUP006,P000396,22,2.29,50.38,Received
PL0000237,PO202500041,20250215,SUP006,P000369,22,2.99,65.78,Received
PL0000238,PO202500041,20250215,SUP006,P000390,25,1.29,32.25,Received
PL0000239,PO202500041,20250215,SUP006,P000404,22,2.99,65.78,Received
PL0000240,PO202500042,20251015,SUP030,P000573,22,3.99,87.78,Received
PL0000241,PO202500042,20251015,SUP030,P000518,21,5.99,125.79,Received
PL0000242,PO202500042,20251015,SUP030,P000549,26,1.49,38.74,Received
PL0000243,PO202500042,20251015,SUP030,P000501,24,1.49,35.76,Received
PL0000244,PO202400043,20240615,SUP002,P000126,23,4.89,112.47,Received
PL0000245,PO202400043,20240615,SUP002,P000102,24,3.19,76.56,Received
PL0000246,PO202400043,20240615,SUP002,P000084,22,4.49,98.78,Received
PL0000247,PO202400043,20240615,SUP002,P000085,21,4.79,100.59,Received
PL0000248,PO202400043,20240615,SUP002,P000129,22,4.49,98.78,Received
PL0000249,PO202400043,20240615,SUP002,P000072,26,2.69,69.94,Received
PL0000250,PO202500044,20251115,SUP006,P000435,25,4.49,112.25,Received
PL0000251,PO202500044,20251115,SUP006,P000374,24,2.59,62.16,Received
PL0000252,PO202500044,20251115,SUP006,P000421,26,3.29,85.54,Received
PL0000253,PO202500044,20251115,SUP006,P000376,23,2.99,68.77,Received
PL0000254,PO202500045,20250715,SUP030,P000477,22,1.79,39.38,Received
PL0000255,PO202500045,20250715,SUP030,P000587,24,3.49,83.76,Received
PL0000256,PO202500045,20250715,SUP030,P000479,27,1.79,48.33,Received
PL0000257,PO202500045,20250715,SUP030,P000517,22,6.99,153.78,Received
PL0000258,PO202500045,20250715,SUP030,P000507,21,3.69,77.49,Received
PL0000259,PO202400046,20241115,SUP008,P000628,25,6.99,174.75,Received
PL0000260,PO202400046,20241115,SUP008,P000595,25,4.69,117.25,Received
PL0000261,PO202400046,20241115,SUP008,P000614,21,5.29,111.09,Received
PL0000262,PO202400046,20241115,SUP008,P000609,27,3.99,107.73,Received
PL0000263,PO202400046,20241115,SUP008,P000610,23,3.99,91.77,Received
PL0000264,PO202400046,20241115,SUP008,P000624,24,5.49,131.76,Received
PL0000265,PO202400046,20241115,SUP008,P000608,25,3.49,87.25,Received
PL0000266,PO202400046,20241115,SUP008,P000619,24,6.99,167.76,Received
PL0000267,PO202400047,20240415,SUP012,P000026,25,5.69,142.25,Received
PL0000268,PO202400047,20240415,SUP012,P000004,22,5.29,116.38,Received
PL0000269,PO202400047,20240415,SUP012,P000061,26,5.99,155.74,Received
PL0000270,PO202400047,20240415,SUP012,P000020,25,6.79,169.75,Received
PL0000271,PO202400047,20240415,SUP012,P000069,22,5.99,131.78,Received
PL0000272,PO202400047,20240415,SUP012,P000016,22,6.49,142.78,Received
PL0000273,PO202400047,20240415,SUP012,P000057,21,6.99,146.79,Received
PL0000274,PO202500048,20250515,SUP006,P000392,22,1.09,23.98,Pending
PL0000275,PO202500048,20250515,SUP006,P000414,23,1.89,43.47,Pending
PL0000276,PO202500048,20250515,SUP006,P000407,21,2.99,62.79,Pending
PL0000277,PO202500048,20250515,SUP006,P000373,25,2.49,62.25,Pending
PL0000278,PO202400049,20240615,SUP023,P000099,23,3.39,77.97,Pending
PL0000279,PO202400049,20240615,SUP023,P000103,25,3.39,84.75,Pending
PL0000280,PO202400049,20240615,SUP023,P000128,21,4.19,87.99,Pending
PL0000281,PO202400049,20240615,SUP023,P000104,23,3.49,80.27,Pending
PL0000282,PO202400049,20240615,SUP023,P000116,22,3.49,76.78,Pending
PL0000283,PO202500050,20250815,SUP004,P000239,21,5.99,125.79,Received
PL0000284,PO202500050,20250815,SUP004,P000256,23,7.99,183.77,Received
PL0000285,PO202500050,20250815,SUP004,P000223,22,3.29,72.38,Received
PL0000286,PO202500050,20250815,SUP004,P000252,22,7.99,175.78,Received
PL0000287,PO202500050,20250815,SUP004,P000220,21,3.29,69.09,Received
PL0000288,PO202500050,20250815,SUP004,P000217,28,5.79,162.12,Received
PL0000289,PO202500050,20250815,SUP004,P000263,21,5.29,111.09,Received
PL0000290,PO202400051,20240115,SUP030,P000555,27,2.29,61.83,Received
PL0000291,PO202400051,20240115,SUP030,P000506,33,3.69,121.77,Received
PL0000292,PO202400051,20240115,SUP030,P000570,23,5.49,126.27,Received
PL0000293,PO202400051,20240115,SUP030,P000582,24,3.99,95.76,Received
PL0000294,PO202400051,20240115,SUP030,P000583,22,4.99,109.78,Received
PL0000295,PO202400051,20240115,SUP030,P000514,22,12.99,285.78,Received
PL0000296,PO202400051,20240115,SUP030,P000525,24,5.99,143.76,Received
PL0000297,PO202400052,20240515,SUP014,P000175,22,3.69,81.18,Received
PL0000298,PO202400052,20240515,SUP014,P000172,23,2.99,68.77,Received
PL0000299,PO202400052,20240515,SUP014,P000201,22,2.19,48.18,Received
PL0000300,PO202400052,20240515,SUP014,P000171,22,1.69,37.18,Received
PL0000301,PO202400052,20240515,SUP014,P000187,24,2.89,69.36,Received
PL0000302,PO202400052,20240515,SUP014,P000163,21,5.29,111.09,Received
PL0000303,PO202400052,20240515,SUP014,P000182,23,4.49,103.27,Received
PL0000304,PO202400053,20241015,SUP016,P000323,24,2.19,52.56,Received
PL0000305,PO202400053,20241015,SUP016,P000358,21,5.99,125.79,Received
PL0000306,PO202400053,20241015,SUP016,P000313,23,7.49,172.27,Received
PL0000307,PO202400053,20241015,SUP016,P000279,24,2.29,54.96,Received
PL0000308,PO202400053,20241015,SUP016,P000299,24,2.19,52.56,Received
PL0000309,PO202400053,20241015,SUP016,P000355,26,4.29,111.54,Received
PL0000310,PO202400053,20241015,SUP016,P000276,23,2.29,52.67,Received
PL0000311,PO202400053,20241015,SUP016,P000314,22,7.79,171.38,Received
PL0000312,PO202400054,20241115,SUP012,P000004,23,5.29,121.67,Received
PL0000313,PO202400054,20241115,SUP012,P000020,22,6.79,149.38,Received
PL0000314,PO202400054,20241115,SUP012,P000030,25,5.99,149.75,Received
PL0000315,PO202400054,20241115,SUP012,P000019,23,5.99,137.77,Received
PL0000316,PO202400054,20241115,SUP012,P000021,25,6.99,174.75,Received
PL0000317,PO202400054,20241115,SUP012,P000061,21,5.99,125.79,Received
PL0000318,PO202500055,20250315,SUP002,P000122,22,3.69,81.18,Received
PL0000319,PO202500055,20250315,SUP002,P000094,28,4.19,117.32,Received
PL0000320,PO202500055,20250315,SUP002,P000126,22,4.89,107.58,Received
PL0000321,PO202500055,20250315,SUP002,P000071,24,2.49,59.76,Received
PL0000322,PO202500055,20250315,SUP002,P000120,22,3.99,87.78,Received
PL0000323,PO202500056,20250815,SUP023,P000108,27,5.19,140.13,Received
PL0000324,PO202500056,20250815,SUP023,P000098,22,2.59,56.98,Received
PL0000325,PO202500056,20250815,SUP023,P000086,23,4.29,98.67,Received
PL0000326,PO202500056,20250815,SUP023,P000103,25,3.39,84.75,Received
PL0000327,PO202500056,20250815,SUP023,P000116,21,3.49,73.29,Received
PL0000328,PO202500056,20250815,SUP023,P000124,24,5.39,129.36,Received
PL0000329,PO202500056,20250815,SUP023,P000082,22,3.19,70.18,Received
PL0000330,PO202500056,20250815,SUP023,P000073,26,2.39,62.14,Received
PL0000331,PO202500057,20250515,SUP005,P000359,22,5.99,131.78,Received
PL0000332,PO202500057,20250515,SUP005,P000274,23,2.29,52.67,Received
PL0000333,PO202500057,20250515,SUP005,P000275,22,2.29,50.38,Received
PL0000334,PO202500057,20250515,SUP005,P000297,24,1.89,45.36,Received
PL0000335,PO202500057,20250515,SUP005,P000285,21,2.49,52.29,Received
PL0000336,PO202500057,20250515,SUP005,P000271,25,2.29,57.25,Received
PL0000337,PO202500058,20250515,SUP006,P000428,22,1.39,30.58,Received
PL0000338,PO202500058,20250515,SUP006,P000431,23,1.49,34.27,Received
PL0000339,PO202500058,20250515,SUP006,P000384,23,0.99,22.77,Received
PL0000340,PO202500058,20250515,SUP006,P000414,23,1.89,43.47,Received
PL0000341,PO202500058,20250515,SUP006,P000442,26,3.89,101.14,Received
PL0000342,PO202500058,20250515,SUP006,P000444,27,1.89,51.03,Received
PL0000343,PO202500058,20250515,SUP006,P000407,21,2.99,62.79,Received
PL0000344,PO202400059,20241015,SUP005,P000290,21,4.99,104.79,Received
PL0000345,PO202400059,20241015,SUP005,P000307,26,4.79,124.54,Received
PL0000346,PO202400059,20241015,SUP005,P000357,26,5.99,155.74,Received
PL0000347,PO202400059,20241015,SUP005,P000291,27,1.89,51.03,Received
PL0000348,PO202400059,20241015,SUP005,P000347,27,2.49,67.23,Received
PL0000349,PO202400060,20240815,SUP008,P000595,24,4.69,112.56,Received
PL0000350,PO202400060,20240815,SUP008,P000601,23,4.49,103.27,Received
PL0000351,PO202400060,20240815,SUP008,P000596,25,4.99,124.75,Received
PL0000352,PO202400060,20240815,SUP008,P000632,22,7.99,175.78,Received
PL0000353,PO202400060,20240815,SUP008,P000600,21,6.49,136.29,Received
PL0000354,PO202400060,20240815,SUP008,P000610,21,3.99,83.79,Received
PL0000355,PO202400061,20241115,SUP023,P000124,24,5.39,129.36,Received
PL0000356,PO202400061,20241115,SUP023,P000083,22,3.29,72.38,Received
PL0000357,PO202400061,20241115,SUP023,P000117,22,3.59,78.98,Received
PL0000358,PO202400061,20241115,SUP023,P000103,30,3.39,101.7,Received
PL0000359,PO202400061,20241115,SUP023,P000107,23,4.99,114.77,Received
PL0000360,PO202400061,20241115,SUP023,P000128,29,4.19,121.51,Received
PL0000361,PO202400061,20241115,SUP023,P000079,24,2.89,69.36,Received
PL0000362,PO202500062,20250415,SUP010,P000749,21,5.99,125.79,Received
PL0000363,PO202500062,20250415,SUP010,P000722,29,3.29,95.41,Received
PL0000364,PO202500062,20250415,SUP010,P000766,29,6.99,202.71,Received
PL0000365,PO202500062,20250415,SUP010,P000720,26,4.49,116.74,Received
PL0000366,PO202500062,20250415,SUP010,P000761,22,8.99,197.78,Received
PL0000367,PO202500062,20250415,SUP010,P000765,23,8.99,206.77,Received
PL0000368,PO202500062,20250415,SUP010,P000753,22,7.99,175.78,Received
PL0000369,PO202500062,20250415,SUP010,P000769,29,4.99,144.71,Received
PL0000370,PO202400063,20241215,SUP012,P000010,22,4.99,109.78,Received
PL0000371,PO202400063,20241215,SUP012,P000016,22,6.49,142.78,Received
PL0000372,PO202400063,20241215,SUP012,P000028,24,6.49,155.76,Received
PL0000373,PO202400063,20241215,SUP012,P000011,25,3.99,99.75,Received
PL0000374,PO202400063,20241215,SUP012,P000023,23,5.49,126.27,Received
PL0000375,PO202400063,20241215,SUP012,P000029,23,6.29,144.67,Received
PL0000376,PO202400063,20241215,SUP012,P000020,28,6.79,190.12,Received
PL0000377,PO202400063,20241215,SUP012,P000069,22,5.99,131.78,Received
PL0000378,PO202400064,20240615,SUP009,P000665,23,16.99,390.77,Received
PL0000379,PO202400064,20240615,SUP009,P000679,23,11.49,264.27,Received
PL0000380,PO202400064,20240615,SUP009,P000663,21,18.99,398.79,Received
PL0000381,PO202400064,20240615,SUP009,P000708,22,15.99,351.78,Received
PL0000382,PO202400064,20240615,SUP009,P000664,25,13.99,349.75,Received
PL0000383,PO202500065,20250615,SUP011,P000842,23,5.99,137.77,Received
PL0000384,PO202500065,20250615,SUP011,P000847,23,12.99,298.77,Received
PL0000385,PO202500066,20251115,SUP011,P000833,24,7.99,191.76,Received
PL0000386,PO202500066,20251115,SUP011,P000776,25,2.99,74.75,Received
PL0000387,PO202500066,20251115,SUP011,P000816,23,11.49,264.27,Received
PL0000388,PO202500066,20251115,SUP011,P000802,23,5.49,126.27,Received
PL0000389,PO202500067,20250215,SUP014,P000168,21,1.99,41.79,Received
PL0000390,PO202500067,20250215,SUP014,P000147,22,4.39,96.58,Received
PL0000391,PO202500067,20250215,SUP014,P000205,26,2.49,64.74,Received
PL0000392,PO202500067,20250215,SUP014,P000195,22,1.49,32.78,Received
PL0000393,PO202500067,20250215,SUP014,P000188,21,3.29,69.09,Received
PL0000394,PO202500067,20250215,SUP014,P000180,21,2.99,62.79,Received
PL0000395,PO202500067,20250215,SUP014,P000142,23,1.89,43.47,Received
PL0000396,PO202500067,20250215,SUP014,P000153,22,3.99,87.78,Received
PL0000397,PO202400068,20240415,SUP030,P000575,22,3.49,76.78,Received
PL0000398,PO202400068,20240415,SUP030,P000528,24,3.99,95.76,Received
PL0000399,PO202400068,20240415,SUP030,P000463,28,3.79,106.12,Received
PL0000400,PO202400068,20240415,SUP030,P000534,24,0.99,23.76,Received
PL0000401,PO202400068,20240415,SUP030,P000522,22,3.49,76.78,Received
PL0000402,PO202400068,20240415,SUP030,P000558,25,2.19,54.75,Received
PL0000403,PO202400068,20240415,SUP030,P000540,22,2.99,65.78,Received
PL0000404,PO202400069,20240715,SUP014,P000192,25,1.69,42.25,Received
PL0000405,PO202400069,20240715,SUP014,P000151,22,3.49,76.78,Received
PL0000406,PO202400069,20240715,SUP014,P000139,21,5.29,111.09,Received
PL0000407,PO202400069,20240715,SUP014,P000196,22,1.69,37.18,Received
PL0000408,PO202400069,20240715,SUP014,P000154,22,4.29,94.38,Received
PL0000409,PO202400069,20240715,SUP014,P000207,23,3.29,75.67,Received
PL0000410,PO202400069,20240715,SUP014,P000144,22,1.39,30.58,Received
PL0000411,PO202400070,20240415,SUP014,P000170,21,2.99,62.79,Received
PL0000412,PO202400070,20240415,SUP014,P000176,25,2.99,74.75,Received
PL0000413,PO202400070,20240415,SUP014,P000133,28,1.29,36.12,Received
PL0000414,PO202400070,20240415,SUP014,P000172,25,2.99,74.75,Received
PL0000415,PO202400070,20240415,SUP014,P000140,23,1.69,38.87,Received
PL0000416,PO202500071,20250215,SUP005,P000353,23,5.99,137.77,Received
PL0000417,PO202500071,20250215,SUP005,P000311,26,7.99,207.74,Received
PL0000418,PO202500071,20250215,SUP005,P000357,26,5.99,155.74,Received
PL0000419,PO202500071,20250215,SUP005,P000322,22,2.49,54.78,Received
PL0000420,PO202500071,20250215,SUP005,P000285,32,2.49,79.68,Received
PL0000421,PO202500071,20250215,SUP005,P000272,21,2.29,48.09,Received
PL0000422,PO202500071,20250215,SUP005,P000350,22,1.69,37.18,Received
PL0000423,PO202500072,20251015,SUP013,P000068,25,5.99,149.75,Received
PL0000424,PO202500072,20251015,SUP013,P000067,22,5.99,131.78,Received
PL0000425,PO202500072,20251015,SUP013,P000066,22,5.29,116.38,Received
PL0000426,PO202500072,20251015,SUP013,P000033,22,5.19,114.18,Received
PL0000427,PO202500072,20251015,SUP013,P000051,21,5.69,119.49,Received
PL0000428,PO202500072,20251015,SUP013,P000037,23,4.29,98.67,Received
PL0000429,PO202500072,20251015,SUP013,P000050,26,5.49,142.74,Received
PL0000430,PO202500072,20251015,SUP013,P000032,23,5.19,119.37,Received
PL0000431,PO202500073,20250715,SUP011,P000842,23,5.99,137.77,Received
PL0000432,PO202500073,20250715,SUP011,P000848,23,39.99,919.77,Received
PL0000433,PO202400074,20241115,SUP013,P000033,23,5.19,119.37,Received
PL0000434,PO202400074,20241115,SUP013,P000038,22,4.29,94.38,Received
PL0000435,PO202400074,20241115,SUP013,P000035,22,4.29,94.38,Received
PL0000436,PO202400074,20241115,SUP013,P000068,23,5.99,137.77,Received
PL0000437,PO202400074,20241115,SUP013,P000031,23,4.99,114.77,Received
PL0000438,PO202400074,20241115,SUP013,P000054,22,5.29,116.38,Received
PL0000439,PO202400074,20241115,SUP013,P000036,24,4.29,102.96,Received
PL0000440,PO202500075,20250915,SUP014,P000160,21,3.69,77.49,Received
PL0000441,PO202500075,20250915,SUP014,P000196,24,1.69,40.56,Received
PL0000442,PO202500075,20250915,SUP014,P000185,23,2.49,57.27,Received
PL0000443,PO202500075,20250915,SUP014,P000144,22,1.39,30.58,Received
PL0000444,PO202500075,20250915,SUP014,P000133,28,1.29,36.12,Received
PL0000445,PO202500075,20250915,SUP014,P000183,25,4.79,119.75,Received
PL0000446,PO202500075,20250915,SUP014,P000155,26,4.99,129.74,Received
PL0000447,PO202500076,20250415,SUP016,P000280,24,2.39,57.36,Received
PL0000448,PO202500076,20250415,SUP016,P000321,24,3.29,78.96,Received
PL0000449,PO202500076,20250415,SUP016,P000298,32,2.19,70.08,Received
PL0000450,PO202500076,20250415,SUP016,P000276,22,2.29,50.38,Received
PL0000451,PO202500076,20250415,SUP016,P000294,24,1.99,47.76,Received
PL0000452,PO202500076,20250415,SUP016,P000339,25,2.79,69.75,Received
PL0000453,PO202500076,20250415,SUP016,P000282,24,2.49,59.76,Received
PL0000454,PO202400077,20240915,SUP011,P000849,24,6.99,167.76,Received
PL0000455,PO202500078,20251215,SUP008,P000610,23,3.99,91.77,Cancelled
PL0000456,PO202500078,20251215,SUP008,P000630,21,3.49,73.29,Cancelled
PL0000457,PO202500078,20251215,SUP008,P000625,21,4.29,90.09,Cancelled
PL0000458,PO202500078,20251215,SUP008,P000622,28,4.79,134.12,Cancelled
PL0000459,PO202500078,20251215,SUP008,P000633,24,3.99,95.76,Cancelled
PL0000460,PO202500078,20251215,SUP008,P000634,27,4.19,113.13,Cancelled
PL0000461,PO202500078,20251215,SUP008,P000619,22,6.99,153.78,Cancelled
PL0000462,PO202400079,20240915,SUP011,P000797,22,5.29,116.38,Received
PL0000463,PO202400079,20240915,SUP011,P000822,21,9.99,209.79,Received
PL0000464,PO202400079,20240915,SUP011,P000834,22,8.49,186.78,Received
PL0000465,PO202400079,20240915,SUP011,P000803,23,6.99,160.77,Received
PL0000466,PO202400079,20240915,SUP011,P000816,23,11.49,264.27,Received
PL0000467,PO202400080,20240715,SUP011,P000848,26,39.99,1039.74,Received
PL0000468,PO202400080,20240715,SUP011,P000842,24,5.99,143.76,Received
PL0000469,PO202400081,20241215,SUP011,P000820,23,3.99,91.77,Received
PL0000470,PO202400081,20241215,SUP011,P000778,21,5.99,125.79,Received
PL0000471,PO202400081,20241215,SUP011,P000846,25,9.49,237.25,Received
PL0000472,PO202400081,20241215,SUP011,P000772,25,2.99,74.75,Received
PL0000473,PO202500082,20250715,SUP023,P000124,23,5.39,123.97,Received
PL0000474,PO202500082,20250715,SUP023,P000074,21,3.29,69.09,Received
PL0000475,PO202500082,20250715,SUP023,P000091,21,13.49,283.29,Received
PL0000476,PO202500082,20250715,SUP023,P000103,21,3.39,71.19,Received
PL0000477,PO202500082,20250715,SUP023,P000123,35,4.99,174.65,Received
PL0000478,PO202500082,20250715,SUP023,P000083,23,3.29,75.67,Received
PL0000479,PO202400083,20240815,SUP012,P000026,22,5.69,125.18,Received
PL0000480,PO202400083,20240815,SUP012,P000062,21,5.79,121.59,Received
PL0000481,PO202400083,20240815,SUP012,P000029,22,6.29,138.38,Received
PL0000482,PO202400083,20240815,SUP012,P000025,29,5.69,165.01,Received
PL0000483,PO202400083,20240815,SUP012,P000004,24,5.29,126.96,Received
PL0000484,PO202400083,20240815,SUP012,P000009,31,3.49,108.19,Received
PL0000485,PO202400083,20240815,SUP012,P000015,25,5.99,149.75,Received
PL0000486,PO202400083,20240815,SUP012,P000020,23,6.79,156.17,Received
PL0000487,PO202500084,20250515,SUP016,P000320,24,2.99,71.76,Received
PL0000488,PO202500084,20250515,SUP016,P000287,23,5.49,126.27,Received
PL0000489,PO202500084,20250515,SUP016,P000278,26,2.29,59.54,Received
PL0000490,PO202500084,20250515,SUP016,P000321,22,3.29,72.38,Received
PL0000491,PO202500084,20250515,SUP016,P000295,21,1.99,41.79,Received
PL0000492,PO202500084,20250515,SUP016,P000338,21,3.99,83.79,Received
PL0000493,PO202500084,20250515,SUP016,P000344,23,5.49,126.27,Received
PL0000494,PO202500084,20250515,SUP016,P000335,24,3.29,78.96,Received
PL0000495,PO202500085,20250915,SUP030,P000558,28,2.19,61.32,Received
PL0000496,PO202500085,20250915,SUP030,P000540,24,2.99,71.76,Received
PL0000497,PO202500085,20250915,SUP030,P000501,24,1.49,35.76,Received
PL0000498,PO202500085,20250915,SUP030,P000581,26,6.49,168.74,Received
PL0000499,PO202500085,20250915,SUP030,P000542,21,0.99,20.79,Received
PL0000500,PO202500085,20250915,SUP030,P000492,25,6.49,162.25,Received
PL0000501,PO202500085,20250915,SUP030,P000511,25,10.99,274.75,Received
PL0000502,PO202500086,20250615,SUP009,P000670,27,12.99,350.73,Received
PL0000503,PO202500086,20250615,SUP009,P000675,22,24.99,549.78,Received
PL0000504,PO202500086,20250615,SUP009,P000667,22,29.99,659.78,Received
PL0000505,PO202500086,20250615,SUP009,P000710,28,19.99,559.72,Received
PL0000506,PO202500086,20250615,SUP009,P000672,26,7.99,207.74,Received
PL0000507,PO202500086,20250615,SUP009,P000677,22,11.99,263.78,Received
PL0000508,PO202500086,20250615,SUP009,P000707,23,18.99,436.77,Received
PL0000509,PO202500086,20250615,SUP009,P000680,25,8.99,224.75,Received
PL0000510,PO202500087,20251015,SUP011,P000849,23,6.99,160.77,Received
PL0000511,PO202400088,20241215,SUP011,P000849,22,6.99,153.78,Received
PL0000512,PO202500089,20250515,SUP007,P000521,25,2.19,54.75,Received
PL0000513,PO202500089,20250515,SUP007,P000512,23,7.99,183.77,Received
PL0000514,PO202500089,20250515,SUP007,P000465,25,3.29,82.25,Received
PL0000515,PO202500089,20250515,SUP007,P000466,23,1.49,34.27,Received
PL0000516,PO202500089,20250515,SUP007,P000499,26,2.99,77.74,Received
PL0000517,PO202500089,20250515,SUP007,P000500,21,3.29,69.09,Received
PL0000518,PO202500089,20250515,SUP007,P000468,24,1.49,35.76,Received
PL0000519,PO202400090,20240715,SUP006,P000388,25,1.19,29.75,Received
PL0000520,PO202400090,20240715,SUP006,P000446,21,3.29,69.09,Received
PL0000521,PO202400090,20240715,SUP006,P000366,30,2.99,89.7,Received
PL0000522,PO202400090,20240715,SUP006,P000362,21,2.49,52.29,Received
PL0000523,PO202400090,20240715,SUP006,P000431,27,1.49,40.23,Received
PL0000524,PO202400090,20240715,SUP006,P000421,25,3.29,82.25,Received
PL0000525,PO202400091,20241215,SUP009,P000670,22,12.99,285.78,Received
PL0000526,PO202400091,20241215,SUP009,P000665,28,16.99,475.72,Received
PL0000527,PO202400091,20241215,SUP009,P000669,25,10.99,274.75,Received
PL0000528,PO202400091,20241215,SUP009,P000674,23,27.99,643.77,Received
PL0000529,PO202400091,20241215,SUP009,P000679,24,11.49,275.76,Received
PL0000530,PO202400091,20241215,SUP009,P000707,23,18.99,436.77,Received
PL0000531,PO202400091,20241215,SUP009,P000680,25,8.99,224.75,Received
PL0000532,PO202400091,20241215,SUP009,P000666,23,17.49,402.27,Received
PL0000533,PO202400092,20240615,SUP008,P000591,21,4.29,90.09,Received
PL0000534,PO202400092,20240615,SUP008,P000610,24,3.99,95.76,Received
PL0000535,PO202400092,20240615,SUP008,P000638,22,4.49,98.78,Received
PL0000536,PO202400092,20240615,SUP008,P000592,23,4.49,103.27,Received
PL0000537,PO202400092,20240615,SUP008,P000598,24,4.49,107.76,Received
PL0000538,PO202400092,20240615,SUP008,P000630,28,3.49,97.72,Received
PL0000539,PO202400092,20240615,SUP008,P000594,22,5.29,116.38,Received
PL0000540,PO202400093,20240915,SUP008,P000617,21,6.49,136.29,Received
PL0000541,PO202400093,20240915,SUP008,P000601,22,4.49,98.78,Received
PL0000542,PO202400093,20240915,SUP008,P000633,25,3.99,99.75,Received
PL0000543,PO202400093,20240915,SUP008,P000598,22,4.49,98.78,Received
PL0000544,PO202400093,20240915,SUP008,P000615,22,5.49,120.78,Received
PL0000545,PO202400093,20240915,SUP008,P000634,24,4.19,100.56,Received
PL0000546,PO202400093,20240915,SUP008,P000594,33,5.29,174.57,Received
PL0000547,PO202400094,20240615,SUP013,P000036,23,4.29,98.67,Received
PL0000548,PO202400094,20240615,SUP013,P000031,23,4.99,114.77,Received
PL0000549,PO202400094,20240615,SUP013,P000035,26,4.29,111.54,Received
PL0000550,PO202400094,20240615,SUP013,P000034,21,5.99,125.79,Received
PL0000551,PO202500095,20250715,SUP002,P000106,24,3.89,93.36,Cancelled
PL0000552,PO202500095,20250715,SUP002,P000101,22,3.09,67.98,Cancelled
PL0000553,PO202500095,20250715,SUP002,P000113,22,4.59,100.98,Cancelled
PL0000554,PO202500095,20250715,SUP002,P000094,22,4.19,92.18,Cancelled
PL0000555,PO202500095,20250715,SUP002,P000130,22,4.59,100.98,Cancelled
PL0000556,PO202500095,20250715,SUP002,P000097,23,2.99,68.77,Cancelled
PL0000557,PO202500095,20250715,SUP002,P000129,21,4.49,94.29,Cancelled
PL0000558,PO202500096,20250915,SUP010,P000718,27,9.99,269.73,Received
PL0000559,PO202500096,20250915,SUP010,P000760,24,3.99,95.76,Received
PL0000560,PO202500096,20250915,SUP010,P000722,26,3.29,85.54,Received
PL0000561,PO202500096,20250915,SUP010,P000747,22,4.99,109.78,Received
PL0000562,PO202500096,20250915,SUP010,P000731,22,8.99,197.78,Received
PL0000563,PO202500097,20250215,SUP001,P000049,22,4.19,92.18,Received
PL0000564,PO202500097,20250215,SUP001,P000002,25,5.29,132.25,Received
PL0000565,PO202500097,20250215,SUP001,P000631,24,8.49,203.76,Received
PL0000566,PO202500097,20250215,SUP001,P000042,22,3.99,87.78,Received
PL0000567,PO202500097,20250215,SUP001,P000045,23,2.99,68.77,Received
PL0000568,PO202400098,20240415,SUP001,P000002,24,5.29,126.96,Received
PL0000569,PO202400098,20240415,SUP001,P000012,24,5.49,131.76,Received
PL0000570,PO202400098,20240415,SUP001,P000003,25,5.19,129.75,Received
PL0000571,PO202400098,20240415,SUP001,P000631,27,8.49,229.23,Received
PL0000572,PO202400098,20240415,SUP001,P000014,21,3.99,83.79,Received
PL0000573,PO202400098,20240415,SUP001,P000043,25,4.29,107.25,Received
PL0000574,PO202400098,20240415,SUP001,P000045,21,2.99,62.79,Received
PL0000575,PO202500099,20251215,SUP016,P000352,21,1.79,37.59,Received
PL0000576,PO202500099,20251215,SUP016,P000279,24,2.29,54.96,Received
PL0000577,PO202500099,20251215,SUP016,P000277,27,2.29,61.83,Received
PL0000578,PO202500099,20251215,SUP016,P000331,24,3.49,83.76,Received
PL0000579,PO202400100,20240215,SUP016,P000282,23,2.49,57.27,Received
PL0000580,PO202400100,20240215,SUP016,P000352,22,1.79,39.38,Received
PL0000581,PO202400100,20240215,SUP016,P000309,24,3.99,95.76,Received
PL0000582,PO202400100,20240215,SUP016,P000323,23,2.19,50.37,Received
PL0000583,PO202400100,20240215,SUP016,P000286,29,5.49,159.21,Received
PL0000584,PO202400100,20240215,SUP016,P000314,21,7.79,163.59,Received
PL0000585,PO202400100,20240215,SUP016,P000303,22,2.59,56.98,Received
PL0000586,PO202400100,20240215,SUP016,P000319,23,2.99,68.77,Received
PL0000587,PO202500101,20250715,SUP016,P000326,23,1.79,41.17,Received
PL0000588,PO202500101,20250715,SUP016,P000294,22,1.99,43.78,Received
PL0000589,PO202500101,20250715,SUP016,P000338,21,3.99,83.79,Received
PL0000590,PO202500101,20250715,SUP016,P000278,24,2.29,54.96,Received
PL0000591,PO202500101,20250715,SUP016,P000346,23,5.49,126.27,Received
PL0000592,PO202500101,20250715,SUP016,P000335,23,3.29,75.67,Received
PL0000593,PO202500101,20250715,SUP016,P000324,23,2.19,50.37,Received
PL0000594,PO202500102,20250415,SUP003,P000179,23,2.49,57.27,Received
PL0000595,PO202500102,20250415,SUP003,P000177,23,1.79,41.17,Received
PL0000596,PO202500102,20250415,SUP003,P000137,25,1.09,27.25,Received
PL0000597,PO202500102,20250415,SUP003,P000173,22,3.29,72.38,Received
PL0000598,PO202400103,20240615,SUP003,P000146,24,4.29,102.96,Received
PL0000599,PO202400103,20240615,SUP003,P000135,24,3.79,90.96,Received
PL0000600,PO202400103,20240615,SUP003,P000177,23,1.79,41.17,Received
PL0000601,PO202400103,20240615,SUP003,P000635,23,4.99,114.77,Received
PL0000602,PO202400103,20240615,SUP003,P000166,21,1.19,24.99,Received
PL0000603,PO202400103,20240615,SUP003,P000197,21,1.79,37.59,Received
PL0000604,PO202400104,20240115,SUP011,P000848,21,39.99,839.79,Received
PL0000605,PO202400105,20241215,SUP009,P000701,26,7.49,194.74,Received
PL0000606,PO202400105,20241215,SUP009,P000688,25,13.49,337.25,Received
PL0000607,PO202400105,20241215,SUP009,P000687,21,12.99,272.79,Received
PL0000608,PO202400105,20241215,SUP009,P000705,21,10.99,230.79,Received
PL0000609,PO202400105,20241215,SUP009,P000682,27,6.99,188.73,Received
PL0000610,PO202400105,20241215,SUP009,P000646,23,11.99,275.77,Received
PL0000611,PO202500106,20251115,SUP016,P000358,23,5.99,137.77,Received
PL0000612,PO202500106,20251115,SUP016,P000330,24,3.49,83.76,Received
PL0000613,PO202500106,20251115,SUP016,P000338,22,3.99,87.78,Received
PL0000614,PO202500106,20251115,SUP016,P000286,21,5.49,115.29,Received
PL0000615,PO202500106,20251115,SUP016,P000334,26,3.29,85.54,Received
PL0000616,PO202500106,20251115,SUP016,P000352,21,1.79,37.59,Received
PL0000617,PO202500107,20251115,SUP007,P000552,21,4.99,104.79,Received
PL0000618,PO202500107,20251115,SUP007,P000509,22,1.99,43.78,Received
PL0000619,PO202500107,20251115,SUP007,P000493,28,8.49,237.72,Received
PL0000620,PO202500107,20251115,SUP007,P000452,24,9.99,239.76,Received
PL0000621,PO202500107,20251115,SUP007,P000472,21,1.69,35.49,Received
PL0000622,PO202500107,20251115,SUP007,P000488,22,5.99,131.78,Received
PL0000623,PO202500108,20250215,SUP009,P000707,23,18.99,436.77,Received
PL0000624,PO202500108,20250215,SUP009,P000673,23,8.99,206.77,Received
PL0000625,PO202500108,20250215,SUP009,P000667,22,29.99,659.78,Received
PL0000626,PO202500108,20250215,SUP009,P000662,22,25.99,571.78,Received
PL0000627,PO202500108,20250215,SUP009,P000664,23,13.99,321.77,Received
PL0000628,PO202500108,20250215,SUP009,P000671,23,12.49,287.27,Received
PL0000629,PO202500109,20250115,SUP001,P000013,25,5.49,137.25,Received
PL0000630,PO202500109,20250115,SUP001,P000070,22,5.29,116.38,Received
PL0000631,PO202500109,20250115,SUP001,P000605,25,5.49,137.25,Received
PL0000632,PO202500109,20250115,SUP001,P000044,28,4.29,120.12,Received
PL0000633,PO202500109,20250115,SUP001,P000046,23,2.99,68.77,Received
PL0000634,PO202500109,20250115,SUP001,P000042,23,3.99,91.77,Received
PL0000635,PO202500109,20250115,SUP001,P000053,25,3.49,87.25,Received
PL0000636,PO202400110,20240315,SUP004,P000236,21,5.99,125.79,Received
PL0000637,PO202400110,20240315,SUP004,P000228,22,4.99,109.78,Received
PL0000638,PO202400110,20240315,SUP004,P000221,26,3.69,95.94,Received
PL0000639,PO202400110,20240315,SUP004,P000248,21,6.49,136.29,Received
PL0000640,PO202400110,20240315,SUP004,P000212,23,6.29,144.67,Received
PL0000641,PO202400111,20240515,SUP005,P000359,25,5.99,149.75,Received
PL0000642,PO202400111,20240515,SUP005,P000272,22,2.29,50.38,Received
PL0000643,PO202400111,20240515,SUP005,P000350,24,1.69,40.56,Received
PL0000644,PO202400111,20240515,SUP005,P000336,23,2.49,57.27,Received
PL0000645,PO202400111,20240515,SUP005,P000357,21,5.99,125.79,Received
PL0000646,PO202400111,20240515,SUP005,P000322,23,2.49,57.27,Received
PL0000647,PO202400111,20240515,SUP005,P000315,26,6.49,168.74,Received
PL0000648,PO202400112,20241115,SUP011,P000849,26,6.99,181.74,Received
PL0000649,PO202500113,20251015,SUP002,P000119,23,3.49,80.27,Received
PL0000650,PO202500113,20251015,SUP002,P000076,22,3.99,87.78,Received
PL0000651,PO202500113,20251015,SUP002,P000072,23,2.69,61.87,Received
PL0000652,PO202500113,20251015,SUP002,P000106,26,3.89,101.14,Received
PL0000653,PO202500113,20251015,SUP002,P000096,25,2.99,74.75,Received
PL0000654,PO202400114,20241015,SUP023,P000104,22,3.49,76.78,Received
PL0000655,PO202400114,20241015,SUP023,P000074,23,3.29,75.67,Received
PL0000656,PO202400114,20241015,SUP023,P000107,21,4.99,104.79,Received
PL0000657,PO202400114,20241015,SUP023,P000086,23,4.29,98.67,Received
PL0000658,PO202400114,20241015,SUP023,P000090,25,12.99,324.75,Received
PL0000659,PO202400114,20241015,SUP023,P000091,25,13.49,337.25,Received
PL0000660,PO202400114,20241015,SUP023,P000099,26,3.39,88.14,Received
PL0000661,PO202400114,20241015,SUP023,P000087,28,4.29,120.12,Received
PL0000662,PO202500115,20250915,SUP006,P000414,23,1.89,43.47,Received
PL0000663,PO202500115,20250915,SUP006,P000413,23,1.89,43.47,Received
PL0000664,PO202500115,20250915,SUP006,P000373,24,2.49,59.76,Received
PL0000665,PO202500115,20250915,SUP006,P000388,28,1.19,33.32,Received
PL0000666,PO202400116,20240915,SUP029,P000449,23,2.79,64.17,Pending
PL0000667,PO202400116,20240915,SUP029,P000371,23,2.79,64.17,Pending
PL0000668,PO202400116,20240915,SUP029,P000375,23,2.99,68.77,Pending
PL0000669,PO202400116,20240915,SUP029,P000397,21,2.49,52.29,Pending
PL0000670,PO202400116,20240915,SUP029,P000411,25,3.99,99.75,Pending
PL0000671,PO202400116,20240915,SUP029,P000440,22,4.29,94.38,Pending
PL0000672,PO202400116,20240915,SUP029,P000447,23,2.99,68.77,Pending
PL0000673,PO202400116,20240915,SUP029,P000445,23,1.99,45.77,Pending
PL0000674,PO202400117,20241115,SUP014,P000176,22,2.99,65.78,Received
PL0000675,PO202400117,20241115,SUP014,P000182,23,4.49,103.27,Received
PL0000676,PO202400117,20241115,SUP014,P000151,26,3.49,90.74,Received
PL0000677,PO202400117,20241115,SUP014,P000138,31,3.89,120.59,Received
PL0000678,PO202400117,20241115,SUP014,P000150,22,1.19,26.18,Received
PL0000679,PO202400117,20241115,SUP014,P000163,24,5.29,126.96,Received
PL0000680,PO202400117,20241115,SUP014,P000139,24,5.29,126.96,Received
PL0000681,PO202500118,20250215,SUP010,P000764,23,9.99,229.77,Cancelled
PL0000682,PO202500118,20250215,SUP010,P000721,25,13.99,349.75,Cancelled
PL0000683,PO202500118,20250215,SUP010,P000763,25,9.99,249.75,Cancelled
PL0000684,PO202500118,20250215,SUP010,P000726,27,3.99,107.73,Cancelled
PL0000685,PO202500119,20251115,SUP009,P000694,23,6.99,160.77,Pending
PL0000686,PO202500119,20251115,SUP009,P000654,25,10.99,274.75,Pending
PL0000687,PO202500119,20251115,SUP009,P000650,30,13.99,419.7,Pending
PL0000688,PO202500119,20251115,SUP009,P000698,23,22.99,528.77,Pending
PL0000689,PO202400120,20240815,SUP002,P000081,22,2.99,65.78,Received
PL0000690,PO202400120,20240815,SUP002,P000096,26,2.99,77.74,Received
PL0000691,PO202400120,20240815,SUP002,P000125,22,5.19,114.18,Received
PL0000692,PO202400120,20240815,SUP002,P000118,24,4.19,100.56,Received
PL0000693,PO202400120,20240815,SUP002,P000072,21,2.69,56.49,Received
PL0000694,PO202400120,20240815,SUP002,P000111,26,3.19,82.94,Received
PL0000695,PO202400120,20240815,SUP002,P000119,25,3.49,87.25,Received
PL0000696,PO202400120,20240815,SUP002,P000130,23,4.59,105.57,Received
PL0000697,PO202400121,20240515,SUP013,P000032,23,5.19,119.37,Received
PL0000698,PO202400121,20240515,SUP013,P000038,27,4.29,115.83,Received
PL0000699,PO202400121,20240515,SUP013,P000033,22,5.19,114.18,Received
PL0000700,PO202400121,20240515,SUP013,P000054,22,5.29,116.38,Received
PL0000701,PO202400121,20240515,SUP013,P000066,23,5.29,121.67,Received
PL0000702,PO202400121,20240515,SUP013,P000005,23,4.99,114.77,Received
PL0000703,PO202400121,20240515,SUP013,P000050,23,5.49,126.27,Received
PL0000704,PO202400121,20240515,SUP013,P000040,22,4.39,96.58,Received
PL0000705,PO202400122,20240115,SUP011,P000848,21,39.99,839.79,Received
PL0000706,PO202500123,20250315,SUP003,P000148,22,4.89,107.58,Received
PL0000707,PO202500123,20250315,SUP003,P000166,24,1.19,28.56,Received
PL0000708,PO202500123,20250315,SUP003,P000177,23,1.79,41.17,Received
PL0000709,PO202500123,20250315,SUP003,P000202,23,2.29,52.67,Received
PL0000710,PO202500123,20250315,SUP003,P000135,23,3.79,87.17,Received
PL0000711,PO202500123,20250315,SUP003,P000626,22,3.99,87.78,Received
PL0000712,PO202500123,20250315,SUP003,P000181,21,5.49,115.29,Received
PL0000713,PO202400124,20241215,SUP002,P000088,24,4.49,107.76,Received
PL0000714,PO202400124,20241215,SUP002,P000089,25,4.49,112.25,Received
PL0000715,PO202400124,20241215,SUP002,P000080,23,2.99,68.77,Received
PL0000716,PO202400124,20241215,SUP002,P000105,24,3.49,83.76,Received
PL0000717,PO202400124,20241215,SUP002,P000071,24,2.49,59.76,Received
PL0000718,PO202400124,20241215,SUP002,P000129,28,4.49,125.72,Received
PL0000719,PO202500125,20250815,SUP001,P000012,29,5.49,159.21,Received
PL0000720,PO202500125,20250815,SUP001,P000045,22,2.99,65.78,Received
PL0000721,PO202500125,20250815,SUP001,P000605,23,5.49,126.27,Received
PL0000722,PO202500125,20250815,SUP001,P000043,22,4.29,94.38,Received
PL0000723,PO202500125,20250815,SUP001,P000048,26,3.99,103.74,Received
PL0000724,PO202500125,20250815,SUP001,P000046,24,2.99,71.76,Received
PL0000725,PO202500125,20250815,SUP001,P000001,22,5.49,120.78,Received
PL0000726,PO202400126,20240115,SUP029,P000445,23,1.99,45.77,Received
PL0000727,PO202400126,20240115,SUP029,P000398,24,2.49,59.76,Received
PL0000728,PO202400126,20240115,SUP029,P000430,23,1.49,34.27,Received
PL0000729,PO202400126,20240115,SUP029,P000436,22,4.99,109.78,Received
PL0000730,PO202400126,20240115,SUP029,P000379,27,4.49,121.23,Received
PL0000731,PO202500127,20251115,SUP008,P000600,22,6.49,142.78,Received
PL0000732,PO202500127,20251115,SUP008,P000595,23,4.69,107.87,Received
PL0000733,PO202500127,20251115,SUP008,P000603,25,5.29,132.25,Received
PL0000734,PO202500127,20251115,SUP008,P000617,23,6.49,149.27,Received
PL0000735,PO202500127,20251115,SUP008,P000612,23,9.49,218.27,Received
PL0000736,PO202500127,20251115,SUP008,P000601,22,4.49,98.78,Received
PL0000737,PO202500127,20251115,SUP008,P000628,21,6.99,146.79,Received
PL0000738,PO202500128,20251215,SUP029,P000434,24,1.19,28.56,Received
PL0000739,PO202500128,20251215,SUP029,P000393,21,2.49,52.29,Received
PL0000740,PO202500128,20251215,SUP029,P000438,23,2.99,68.77,Received
PL0000741,PO202500128,20251215,SUP029,P000408,22,2.89,63.58,Received
PL0000742,PO202500128,20251215,SUP029,P000394,25,1.19,29.75,Received
PL0000743,PO202500128,20251215,SUP029,P000447,24,2.99,71.76,Received
PL0000744,PO202500129,20250615,SUP011,P000792,22,7.49,164.78,Received
PL0000745,PO202500129,20250615,SUP011,P000846,26,9.49,246.74,Received
PL0000746,PO202500129,20250615,SUP011,P000806,23,5.49,126.27,Received
PL0000747,PO202500129,20250615,SUP011,P000804,24,6.99,167.76,Received
PL0000748,PO202500129,20250615,SUP011,P000778,25,5.99,149.75,Received
PL0000749,PO202500129,20250615,SUP011,P000839,29,9.99,289.71,Received
PL0000750,PO202500129,20250615,SUP011,P000808,22,3.49,76.78,Received
PL0000751,PO202400130,20240815,SUP011,P000847,21,12.99,272.79,Pending
PL0000752,PO202400130,20240815,SUP011,P000842,22,5.99,131.78,Pending
PL0000753,PO202400130,20240815,SUP011,P000848,23,39.99,919.77,Pending
PL0000754,PO202500131,20250715,SUP013,P000066,25,5.29,132.25,Received
PL0000755,PO202500131,20250715,SUP013,P000033,23,5.19,119.37,Received
PL0000756,PO202500131,20250715,SUP013,P000065,23,7.29,167.67,Received
PL0000757,PO202500131,20250715,SUP013,P000006,22,5.99,131.78,Received
PL0000758,PO202500132,20250815,SUP011,P000789,24,6.99,167.76,Received
PL0000759,PO202500132,20250815,SUP011,P000816,22,11.49,252.78,Received
PL0000760,PO202500132,20250815,SUP011,P000808,26,3.49,90.74,Received
PL0000761,PO202500132,20250815,SUP011,P000821,23,3.49,80.27,Received
PL0000762,PO202500133,20250215,SUP011,P000849,24,6.99,167.76,Received
PL0000763,PO202400134,20240215,SUP030,P000559,30,1.89,56.7,Received
PL0000764,PO202400134,20240215,SUP030,P000549,33,1.49,49.17,Received
PL0000765,PO202400134,20240215,SUP030,P000576,23,3.49,80.27,Received
PL0000766,PO202400134,20240215,SUP030,P000526,22,3.99,87.78,Received
PL0000767,PO202400134,20240215,SUP030,P000517,24,6.99,167.76,Received
PL0000768,PO202400134,20240215,SUP030,P000479,26,1.79,46.54,Received
PL0000769,PO202400134,20240215,SUP030,P000580,21,0.99,20.79,Received
PL0000770,PO202400134,20240215,SUP030,P000470,22,1.99,43.78,Received
PL0000771,PO202400135,20240715,SUP004,P000254,23,8.79,202.17,Received
PL0000772,PO202400135,20240715,SUP004,P000212,21,6.29,132.09,Received
PL0000773,PO202400135,20240715,SUP004,P000269,28,4.49,125.72,Received
PL0000774,PO202400135,20240715,SUP004,P000242,22,3.99,87.78,Received
PL0000775,PO202400135,20240715,SUP004,P000265,21,5.19,108.99,Received
PL0000776,PO202400135,20240715,SUP004,P000246,28,4.39,122.92,Received
PL0000777,PO202400135,20240715,SUP004,P000224,24,3.99,95.76,Received
PL0000778,PO202500136,20251215,SUP004,P000239,25,5.99,149.75,Received
PL0000779,PO202500136,20251215,SUP004,P000251,24,8.49,203.76,Received
PL0000780,PO202500136,20251215,SUP004,P000255,24,9.29,222.96,Received
PL0000781,PO202500136,20251215,SUP004,P000227,22,5.29,116.38,Received
PL0000782,PO202500136,20251215,SUP004,P000228,21,4.99,104.79,Received
PL0000783,PO202500136,20251215,SUP004,P000213,27,6.49,175.23,Received
PL0000784,PO202400137,20240815,SUP007,P000578,24,5.49,131.76,Received
PL0000785,PO202400137,20240815,SUP007,P000472,22,1.69,37.18,Received
PL0000786,PO202400137,20240815,SUP007,P000457,25,1.79,44.75,Received
PL0000787,PO202400137,20240815,SUP007,P000487,25,5.99,149.75,Received
PL0000788,PO202400137,20240815,SUP007,P000482,22,3.99,87.78,Received
PL0000789,PO202400138,20240815,SUP004,P000221,22,3.69,81.18,Pending
PL0000790,PO202400138,20240815,SUP004,P000254,26,8.79,228.54,Pending
PL0000791,PO202400138,20240815,SUP004,P000248,26,6.49,168.74,Pending
PL0000792,PO202400138,20240815,SUP004,P000232,26,5.99,155.74,Pending
PL0000793,PO202400138,20240815,SUP004,P000233,22,6.29,138.38,Pending
PL0000794,PO202400138,20240815,SUP004,P000238,28,6.49,181.72,Pending
PL0000795,PO202500139,20250715,SUP005,P000325,26,2.49,64.74,Received
PL0000796,PO202500139,20250715,SUP005,P000307,23,4.79,110.17,Received
PL0000797,PO202500139,20250715,SUP005,P000318,22,8.99,197.78,Received
PL0000798,PO202500139,20250715,SUP005,P000275,25,2.29,57.25,Received
PL0000799,PO202500139,20250715,SUP005,P000306,25,4.79,119.75,Received
PL0000800,PO202500139,20250715,SUP005,P000357,22,5.99,131.78,Received
PL0000801,PO202500139,20250715,SUP005,P000271,22,2.29,50.38,Received
PL0000802,PO202500140,20250615,SUP013,P000006,27,5.99,161.73,Received
PL0000803,PO202500140,20250615,SUP013,P000066,25,5.29,132.25,Received
PL0000804,PO202500140,20250615,SUP013,P000065,21,7.29,153.09,Received
PL0000805,PO202500140,20250615,SUP013,P000039,21,4.39,92.19,Received
PL0000806,PO202500140,20250615,SUP013,P000005,26,4.99,129.74,Received
PL0000807,PO202400141,20240915,SUP030,P000575,24,3.49,83.76,Received
PL0000808,PO202400141,20240915,SUP030,P000566,25,2.99,74.75,Received
PL0000809,PO202400141,20240915,SUP030,P000510,21,5.99,125.79,Received
PL0000810,PO202400141,20240915,SUP030,P000583,21,4.99,104.79,Received
PL0000811,PO202400141,20240915,SUP030,P000478,22,1.79,39.38,Received
PL0000812,PO202400142,20240415,SUP004,P000260,22,5.49,120.78,Received
PL0000813,PO202400142,20240415,SUP004,P000237,23,6.49,149.27,Received
PL0000814,PO202400142,20240415,SUP004,P000266,22,5.39,118.58,Received
PL0000815,PO202400142,20240415,SUP004,P000234,23,6.49,149.27,Received
PL0000816,PO202400142,20240415,SUP004,P000253,29,8.99,260.71,Received
PL0000817,PO202400142,20240415,SUP004,P000214,22,6.49,142.78,Received
PL0000818,PO202400142,20240415,SUP004,P000211,23,5.99,137.77,Received
PL0000819,PO202400142,20240415,SUP004,P000258,21,3.99,83.79,Received
PL0000820,PO202400143,20240915,SUP005,P000341,23,3.89,89.47,Pending
PL0000821,PO202400143,20240915,SUP005,P000281,28,2.39,66.92,Pending
PL0000822,PO202400143,20240915,SUP005,P000271,26,2.29,59.54,Pending
PL0000823,PO202400143,20240915,SUP005,P000312,23,8.29,190.67,Pending
PL0000824,PO202500144,20251015,SUP003,P000165,23,0.99,22.77,Received
PL0000825,PO202500144,20251015,SUP003,P000137,23,1.09,25.07,Received
PL0000826,PO202500144,20251015,SUP003,P000166,23,1.19,27.37,Received
PL0000827,PO202500144,20251015,SUP003,P000636,23,3.99,91.77,Received
PL0000828,PO202500144,20251015,SUP003,P000146,25,4.29,107.25,Received
PL0000829,PO202500144,20251015,SUP003,P000193,23,1.69,38.87,Received
PL0000830,PO202500144,20251015,SUP003,P000626,23,3.99,91.77,Received
PL0000831,PO202400145,20241015,SUP011,P000849,24,6.99,167.76,Received
PL0000832,PO202500146,20251215,SUP002,P000118,23,4.19,96.37,Received
PL0000833,PO202500146,20251215,SUP002,P000105,23,3.49,80.27,Received
PL0000834,PO202500146,20251215,SUP002,P000085,23,4.79,110.17,Received
PL0000835,PO202500146,20251215,SUP002,P000122,22,3.69,81.18,Received
PL0000836,PO202500146,20251215,SUP002,P000119,26,3.49,90.74,Received
PL0000837,PO202500146,20251215,SUP002,P000096,23,2.99,68.77,Received
PL0000838,PO202500147,20250215,SUP016,P000309,21,3.99,83.79,Received
PL0000839,PO202500147,20250215,SUP016,P000355,23,4.29,98.67,Received
PL0000840,PO202500147,20250215,SUP016,P000346,23,5.49,126.27,Received
PL0000841,PO202500147,20250215,SUP016,P000339,22,2.79,61.38,Received
PL0000842,PO202500147,20250215,SUP016,P000319,23,2.99,68.77,Received
PL0000843,PO202500147,20250215,SUP016,P000345,25,5.49,137.25,Received
PL0000844,PO202400148,20240315,SUP029,P000365,29,2.69,78.01,Received
PL0000845,PO202400148,20240315,SUP029,P000403,25,8.79,219.75,Received
PL0000846,PO202400148,20240315,SUP029,P000406,23,3.49,80.27,Received
PL0000847,PO202400148,20240315,SUP029,P000386,24,1.19,28.56,Received
PL0000848,PO202400148,20240315,SUP029,P000408,29,2.89,83.81,Received
PL0000849,PO202500149,20250215,SUP003,P000159,23,3.49,80.27,Received
PL0000850,PO202500149,20250215,SUP003,P000190,21,1.29,27.09,Received
PL0000851,PO202500149,20250215,SUP003,P000200,23,2.29,52.67,Received
PL0000852,PO202500149,20250215,SUP003,P000137,24,1.09,26.16,Received
PL0000853,PO202500149,20250215,SUP003,P000202,23,2.29,52.67,Received
PL0000854,PO202500150,20250215,SUP004,P000234,21,6.49,136.29,Received
PL0000855,PO202500150,20250215,SUP004,P000233,24,6.29,150.96,Received
PL0000856,PO202500150,20250215,SUP004,P000226,24,3.99,95.76,Received
PL0000857,PO202500150,20250215,SUP004,P000261,26,5.69,147.94,Received
PL0000858,PO202500150,20250215,SUP004,P000253,21,8.99,188.79,Received
PL0000859,PO202500150,20250215,SUP004,P000266,23,5.39,123.97,Received
PL0000860,PO202500150,20250215,SUP004,P000245,25,4.49,112.25,Received
PL0000861,PO202400151,20241015,SUP011,P000848,24,39.99,959.76,Received
PL0000862,PO202400151,20241015,SUP011,P000847,24,12.99,311.76,Received
PL0000863,PO202400151,20241015,SUP011,P000842,24,5.99,143.76,Received
PL0000864,PO202400152,20240315,SUP008,P000597,26,5.49,142.74,Received
PL0000865,PO202400152,20240315,SUP008,P000634,22,4.19,92.18,Received
PL0000866,PO202400152,20240315,SUP008,P000620,23,6.99,160.77,Received
PL0000867,PO202400152,20240315,SUP008,P000619,21,6.99,146.79,Received
PL0000868,PO202400152,20240315,SUP008,P000591,23,4.29,98.67,Received
PL0000869,PO202400152,20240315,SUP008,P000617,26,6.49,168.74,Received
PL0000870,PO202400153,20240415,SUP011,P000849,22,6.99,153.78,Received
PL0000871,PO202500154,20250415,SUP014,P000210,23,3.99,91.77,Received
PL0000872,PO202500154,20250415,SUP014,P000147,26,4.39,114.14,Received
PL0000873,PO202500154,20250415,SUP014,P000163,22,5.29,116.38,Received
PL0000874,PO202500154,20250415,SUP014,P000172,25,2.99,74.75,Received
PL0000875,PO202500154,20250415,SUP014,P000151,28,3.49,97.72,Received
PL0000876,PO202500154,20250415,SUP014,P000168,21,1.99,41.79,Received
PL0000877,PO202500154,20250415,SUP014,P000153,22,3.99,87.78,Received
PL0000878,PO202500154,20250415,SUP014,P000185,22,2.49,54.78,Received
PL0000879,PO202500155,20250715,SUP016,P000320,23,2.99,68.77,Cancelled
PL0000880,PO202500155,20250715,SUP016,P000319,22,2.99,65.78,Cancelled
PL0000881,PO202500155,20250715,SUP016,P000326,23,1.79,41.17,Cancelled
PL0000882,PO202500155,20250715,SUP016,P000344,21,5.49,115.29,Cancelled
PL0000883,PO202500155,20250715,SUP016,P000332,22,3.29,72.38,Cancelled
PL0000884,PO202500155,20250715,SUP016,P000299,28,2.19,61.32,Cancelled
PL0000885,PO202500155,20250715,SUP016,P000286,21,5.49,115.29,Cancelled
PL0000886,PO202500155,20250715,SUP016,P000324,23,2.19,50.37,Cancelled
PL0000887,PO202400156,20240415,SUP003,P000189,30,1.29,38.7,Received
PL0000888,PO202400156,20240415,SUP003,P000158,21,2.99,62.79,Received
PL0000889,PO202400156,20240415,SUP003,P000202,24,2.29,54.96,Received
PL0000890,PO202400156,20240415,SUP003,P000132,24,0.79,18.96,Received
PL0000891,PO202400156,20240415,SUP003,P000184,28,3.99,111.72,Received
PL0000892,PO202400156,20240415,SUP003,P000626,24,3.99,95.76,Received
PL0000893,PO202400156,20240415,SUP003,P000640,22,7.49,164.78,Received
PL0000894,PO202400156,20240415,SUP003,P000200,23,2.29,52.67,Received
PL0000895,PO202500157,20250315,SUP008,P000596,23,4.99,114.77,Received
PL0000896,PO202500157,20250315,SUP008,P000612,26,9.49,246.74,Received
PL0000897,PO202500157,20250315,SUP008,P000616,25,5.29,132.25,Received
PL0000898,PO202500157,20250315,SUP008,P000618,28,6.79,190.12,Received
PL0000899,PO202500157,20250315,SUP008,P000610,23,3.99,91.77,Received
PL0000900,PO202500157,20250315,SUP008,P000632,21,7.99,167.79,Received
PL0000901,PO202500158,20250715,SUP005,P000328,24,5.49,131.76,Received
PL0000902,PO202500158,20250715,SUP005,P000312,23,8.29,190.67,Received
PL0000903,PO202500158,20250715,SUP005,P000296,21,1.89,39.69,Received
PL0000904,PO202500158,20250715,SUP005,P000275,25,2.29,57.25,Received
PL0000905,PO202400159,20240315,SUP013,P000050,28,5.49,153.72,Received
PL0000906,PO202400159,20240315,SUP013,P000034,24,5.99,143.76,Received
PL0000907,PO202400159,20240315,SUP013,P000033,25,5.19,129.75,Received
PL0000908,PO202400159,20240315,SUP013,P000037,25,4.29,107.25,Received
PL0000909,PO202400159,20240315,SUP013,P000056,21,5.99,125.79,Received
PL0000910,PO202400159,20240315,SUP013,P000055,23,5.19,119.37,Received
PL0000911,PO202400159,20240315,SUP013,P000051,27,5.69,153.63,Received
PL0000912,PO202500160,20251215,SUP014,P000150,22,1.19,26.18,Received
PL0000913,PO202500160,20251215,SUP014,P000162,23,5.99,137.77,Received
PL0000914,PO202500160,20251215,SUP014,P000164,21,5.29,111.09,Received
PL0000915,PO202500160,20251215,SUP014,P000171,22,1.69,37.18,Received
PL0000916,PO202500161,20250115,SUP011,P000847,23,12.99,298.77,Received
PL0000917,PO202400162,20240815,SUP029,P000424,26,3.49,90.74,Received
PL0000918,PO202400162,20240815,SUP029,P000437,25,2.19,54.75,Received
PL0000919,PO202400162,20240815,SUP029,P000449,23,2.79,64.17,Received
PL0000920,PO202400162,20240815,SUP029,P000412,26,3.99,103.74,Received
PL0000921,PO202400162,20240815,SUP029,P000408,23,2.89,66.47,Received
PL0000922,PO202400162,20240815,SUP029,P000406,22,3.49,76.78,Received
PL0000923,PO202400162,20240815,SUP029,P000429,28,1.49,41.72,Received
PL0000924,PO202400162,20240815,SUP029,P000385,26,1.09,28.34,Received
PL0000925,PO202400163,20241015,SUP006,P000419,21,3.49,73.29,Received
PL0000926,PO202400163,20241015,SUP006,P000389,23,1.19,27.37,Received
PL0000927,PO202400163,20241015,SUP006,P000409,21,3.49,73.29,Received
PL0000928,PO202400163,20241015,SUP006,P000388,21,1.19,24.99,Received
PL0000929,PO202400163,20241015,SUP006,P000425,25,3.49,87.25,Received
PL0000930,PO202400163,20241015,SUP006,P000401,22,8.49,186.78,Received
PL0000931,PO202400163,20241015,SUP006,P000427,26,1.39,36.14,Received
PL0000932,PO202400163,20241015,SUP006,P000400,23,3.49,80.27,Received
PL0000933,PO202500164,20250415,SUP009,P000671,21,12.49,262.29,Received
PL0000934,PO202500164,20250415,SUP009,P000664,24,13.99,335.76,Received
PL0000935,PO202500164,20250415,SUP009,P000674,23,27.99,643.77,Received
PL0000936,PO202500164,20250415,SUP009,P000675,23,24.99,574.77,Received
PL0000937,PO202500164,20250415,SUP009,P000661,22,21.99,483.78,Received
PL0000938,PO202500164,20250415,SUP009,P000670,23,12.99,298.77,Received
PL0000939,PO202500164,20250415,SUP009,P000710,21,19.99,419.79,Received
PL0000940,PO202500164,20250415,SUP009,P000666,23,17.49,402.27,Received
PL0000941,PO202500165,20250615,SUP029,P000445,23,1.99,45.77,Pending
PL0000942,PO202500165,20250615,SUP029,P000429,23,1.49,34.27,Pending
PL0000943,PO202500165,20250615,SUP029,P000377,23,2.99,68.77,Pending
PL0000944,PO202500165,20250615,SUP029,P000449,21,2.79,58.59,Pending
PL0000945,PO202500166,20250515,SUP023,P000104,21,3.49,73.29,Received
PL0000946,PO202500166,20250515,SUP023,P000073,26,2.39,62.14,Received
PL0000947,PO202500166,20250515,SUP023,P000083,22,3.29,72.38,Received
PL0000948,PO202500166,20250515,SUP023,P000117,24,3.59,86.16,Received
PL0000949,PO202500166,20250515,SUP023,P000090,22,12.99,285.78,Received
PL0000950,PO202500166,20250515,SUP023,P000128,24,4.19,100.56,Received
PL0000951,PO202500166,20250515,SUP023,P000091,23,13.49,310.27,Received
PL0000952,PO202400167,20241015,SUP001,P000631,24,8.49,203.76,Received
PL0000953,PO202400167,20241015,SUP001,P000053,27,3.49,94.23,Received
PL0000954,PO202400167,20241015,SUP001,P000049,22,4.19,92.18,Received
PL0000955,PO202400167,20241015,SUP001,P000042,24,3.99,95.76,Received
PL0000956,PO202400167,20241015,SUP001,P000043,23,4.29,98.67,Received
PL0000957,PO202400168,20240415,SUP011,P000849,22,6.99,153.78,Received
PL0000958,PO202500169,20251215,SUP002,P000101,24,3.09,74.16,Received
PL0000959,PO202500169,20251215,SUP002,P000109,23,4.29,98.67,Received
PL0000960,PO202500169,20251215,SUP002,P000125,24,5.19,124.56,Received
PL0000961,PO202500169,20251215,SUP002,P000089,26,4.49,116.74,Received
PL0000962,PO202500169,20251215,SUP002,P000075,25,3.49,87.25,Received
PL0000963,PO202500169,20251215,SUP002,P000096,23,2.99,68.77,Received
PL0000964,PO202500169,20251215,SUP002,P000127,21,4.19,87.99,Received
PL0000965,PO202500170,20250315,SUP002,P000072,27,2.69,72.63,Received
PL0000966,PO202500170,20250315,SUP002,P000100,22,4.19,92.18,Received
PL0000967,PO202500170,20250315,SUP002,P000077,26,2.49,64.74,Received
PL0000968,PO202500170,20250315,SUP002,P000085,22,4.79,105.38,Received
PL0000969,PO202500170,20250315,SUP002,P000130,23,4.59,105.57,Received
PL0000970,PO202500170,20250315,SUP002,P000106,29,3.89,112.81,Received
PL0000971,PO202500170,20250315,SUP002,P000081,23,2.99,68.77,Received
PL0000972,PO202500170,20250315,SUP002,P000129,23,4.49,103.27,Received
PL0000973,PO202500171,20250715,SUP014,P000138,22,3.89,85.58,Received
PL0000974,PO202500171,20250715,SUP014,P000203,27,3.29,88.83,Received
PL0000975,PO202500171,20250715,SUP014,P000210,26,3.99,103.74,Received
PL0000976,PO202500171,20250715,SUP014,P000207,22,3.29,72.38,Received
PL0000977,PO202500171,20250715,SUP014,P000150,25,1.19,29.75,Received
PL0000978,PO202500171,20250715,SUP014,P000199,22,2.99,65.78,Received
PL0000979,PO202500172,20250415,SUP011,P000848,27,39.99,1079.73,Received
PL0000980,PO202500172,20250415,SUP011,P000842,21,5.99,125.79,Received
PL0000981,PO202500172,20250415,SUP011,P000847,23,12.99,298.77,Received
PL0000982,PO202500173,20250615,SUP003,P000198,23,1.29,29.67,Received
PL0000983,PO202500173,20250615,SUP003,P000179,24,2.49,59.76,Received
PL0000984,PO202500173,20250615,SUP003,P000194,27,1.49,40.23,Received
PL0000985,PO202500173,20250615,SUP003,P000158,24,2.99,71.76,Received
PL0000986,PO202500173,20250615,SUP003,P000181,21,5.49,115.29,Received
PL0000987,PO202500173,20250615,SUP003,P000190,21,1.29,27.09,Received
PL0000988,PO202400174,20241015,SUP023,P000090,25,12.99,324.75,Received
PL0000989,PO202400174,20241015,SUP023,P000108,22,5.19,114.18,Received
PL0000990,PO202400174,20241015,SUP023,P000073,21,2.39,50.19,Received
PL0000991,PO202400174,20241015,SUP023,P000083,24,3.29,78.96,Received
PL0000992,PO202500175,20250215,SUP011,P000849,24,6.99,167.76,Received
PL0000993,PO202400176,20240915,SUP006,P000383,21,0.99,20.79,Received
PL0000994,PO202400176,20240915,SUP006,P000422,26,3.29,85.54,Received
PL0000995,PO202400176,20240915,SUP006,P000446,26,3.29,85.54,Received
PL0000996,PO202400176,20240915,SUP006,P000414,28,1.89,52.92,Received
PL0000997,PO202400176,20240915,SUP006,P000421,30,3.29,98.7,Received
PL0000998,PO202500177,20250715,SUP010,P000770,21,8.99,188.79,Received
PL0000999,PO202500177,20250715,SUP010,P000736,23,4.29,98.67,Received
PL0001000,PO202500177,20250715,SUP010,P000769,29,4.99,144.71,Received
PL0001001,PO202500177,20250715,SUP010,P000750,26,3.99,103.74,Received
PL0001002,PO202500177,20250715,SUP010,P000743,21,5.49,115.29,Received
PL0001003,PO202500177,20250715,SUP010,P000733,21,6.49,136.29,Received
PL0001004,PO202500177,20250715,SUP010,P000765,22,8.99,197.78,Received
PL0001005,PO202500177,20250715,SUP010,P000757,22,8.99,197.78,Received
PL0001006,PO202400178,20240615,SUP005,P000353,30,5.99,179.7,Received
PL0001007,PO202400178,20240615,SUP005,P000292,26,2.49,64.74,Received
PL0001008,PO202400178,20240615,SUP005,P000341,24,3.89,93.36,Received
PL0001009,PO202400178,20240615,SUP005,P000350,24,1.69,40.56,Received
PL0001010,PO202400178,20240615,SUP005,P000273,26,2.29,59.54,Received
PL0001011,PO202400178,20240615,SUP005,P000359,21,5.99,125.79,Received
PL0001012,PO202400178,20240615,SUP005,P000271,23,2.29,52.67,Received
PL0001013,PO202400178,20240615,SUP005,P000291,23,1.89,43.47,Received
PL0001014,PO202500179,20250515,SUP006,P000422,23,3.29,75.67,Received
PL0001015,PO202500179,20250515,SUP006,P000410,22,3.49,76.78,Received
PL0001016,PO202500179,20250515,SUP006,P000431,23,1.49,34.27,Received
PL0001017,PO202500179,20250515,SUP006,P000443,27,3.69,99.63,Received
PL0001018,PO202500179,20250515,SUP006,P000367,26,2.99,77.74,Received
PL0001019,PO202500179,20250515,SUP006,P000400,21,3.49,73.29,Received
PL0001020,PO202400180,20240615,SUP003,P000198,21,1.29,27.09,Received
PL0001021,PO202400180,20240615,SUP003,P000159,21,3.49,73.29,Received
PL0001022,PO202400180,20240615,SUP003,P000626,22,3.99,87.78,Received
PL0001023,PO202400180,20240615,SUP003,P000178,28,1.79,50.12,Received
PL0001024,PO202400180,20240615,SUP003,P000636,22,3.99,87.78,Received
PL0001025,PO202500181,20250715,SUP006,P000404,24,2.99,71.76,Received
PL0001026,PO202500181,20250715,SUP006,P000435,24,4.49,107.76,Received
PL0001027,PO202500181,20250715,SUP006,P000414,22,1.89,41.58,Received
PL0001028,PO202500181,20250715,SUP006,P000396,28,2.29,64.12,Received
PL0001029,PO202500181,20250715,SUP006,P000421,24,3.29,78.96,Received
PL0001030,PO202500181,20250715,SUP006,P000407,23,2.99,68.77,Received
PL0001031,PO202500181,20250715,SUP006,P000378,22,3.49,76.78,Received
PL0001032,PO202500182,20250515,SUP007,P000469,27,1.69,45.63,Received
PL0001033,PO202500182,20250515,SUP007,P000475,22,1.79,39.38,Received
PL0001034,PO202500182,20250515,SUP007,P000500,21,3.29,69.09,Received
PL0001035,PO202500182,20250515,SUP007,P000456,25,1.79,44.75,Received
PL0001036,PO202500182,20250515,SUP007,P000578,24,5.49,131.76,Received
PL0001037,PO202500182,20250515,SUP007,P000512,23,7.99,183.77,Received
PL0001038,PO202400183,20240215,SUP029,P000377,23,2.99,68.77,Received
PL0001039,PO202400183,20240215,SUP029,P000439,22,5.49,120.78,Received
PL0001040,PO202400183,20240215,SUP029,P000406,21,3.49,73.29,Received
PL0001041,PO202400183,20240215,SUP029,P000415,26,1.99,51.74,Received
PL0001042,PO202400183,20240215,SUP029,P000393,23,2.49,57.27,Received
PL0001043,PO202400183,20240215,SUP029,P000379,21,4.49,94.29,Received
PL0001044,PO202400184,20240315,SUP023,P000090,25,12.99,324.75,Received
PL0001045,PO202400184,20240315,SUP023,P000087,23,4.29,98.67,Received
PL0001046,PO202400184,20240315,SUP023,P000104,24,3.49,83.76,Received
PL0001047,PO202400184,20240315,SUP023,P000073,23,2.39,54.97,Received
PL0001048,PO202400184,20240315,SUP023,P000117,26,3.59,93.34,Received
PL0001049,PO202400184,20240315,SUP023,P000112,23,4.39,100.97,Received
PL0001050,PO202400184,20240315,SUP023,P000128,23,4.19,96.37,Received
PL0001051,PO202500185,20250915,SUP023,P000123,23,4.99,114.77,Received
PL0001052,PO202500185,20250915,SUP023,P000083,23,3.29,75.67,Received
PL0001053,PO202500185,20250915,SUP023,P000124,23,5.39,123.97,Received
PL0001054,PO202500185,20250915,SUP023,P000087,22,4.29,94.38,Received
PL0001055,PO202400186,20241015,SUP013,P000038,21,4.29,90.09,Received
PL0001056,PO202400186,20241015,SUP013,P000037,26,4.29,111.54,Received
PL0001057,PO202400186,20241015,SUP013,P000032,23,5.19,119.37,Received
PL0001058,PO202400186,20241015,SUP013,P000039,22,4.39,96.58,Received
PL0001059,PO202400186,20241015,SUP013,P000066,26,5.29,137.54,Received
PL0001060,PO202400186,20241015,SUP013,P000056,22,5.99,131.78,Received
PL0001061,PO202500187,20250215,SUP011,P000849,24,6.99,167.76,Pending
PL0001062,PO202400188,20240915,SUP010,P000739,21,4.99,104.79,Received
PL0001063,PO202400188,20240915,SUP010,P000737,21,3.99,83.79,Received
PL0001064,PO202400188,20240915,SUP010,P000742,21,6.99,146.79,Received
PL0001065,PO202400188,20240915,SUP010,P000763,23,9.99,229.77,Received
PL0001066,PO202400188,20240915,SUP010,P000738,25,5.49,137.25,Received
PL0001067,PO202400188,20240915,SUP010,P000712,23,13.49,310.27,Received
PL0001068,PO202400189,20240415,SUP016,P000331,24,3.49,83.76,Received
PL0001069,PO202400189,20240415,SUP016,P000334,23,3.29,75.67,Received
PL0001070,PO202400189,20240415,SUP016,P000326,21,1.79,37.59,Received
PL0001071,PO202400189,20240415,SUP016,P000346,21,5.49,115.29,Received
PL0001072,PO202500190,20251015,SUP014,P000172,21,2.99,62.79,Received
PL0001073,PO202500190,20251015,SUP014,P000133,23,1.29,29.67,Received
PL0001074,PO202500190,20251015,SUP014,P000163,23,5.29,121.67,Received
PL0001075,PO202500190,20251015,SUP014,P000136,24,1.19,28.56,Received
PL0001076,PO202500190,20251015,SUP014,P000201,21,2.19,45.99,Received
PL0001077,PO202500190,20251015,SUP014,P000140,25,1.69,42.25,Received
PL0001078,PO202500190,20251015,SUP014,P000195,27,1.49,40.23,Received
PL0001079,PO202500190,20251015,SUP014,P000153,25,3.99,99.75,Received
PL0001080,PO202400191,20241115,SUP023,P000092,22,14.29,314.38,Received
PL0001081,PO202400191,20241115,SUP023,P000128,29,4.19,121.51,Received
PL0001082,PO202400191,20241115,SUP023,P000116,22,3.49,76.78,Received
PL0001083,PO202400191,20241115,SUP023,P000098,21,2.59,54.39,Received
PL0001084,PO202400191,20241115,SUP023,P000079,24,2.89,69.36,Received
PL0001085,PO202400191,20241115,SUP023,P000082,28,3.19,89.32,Received
PL0001086,PO202400192,20240215,SUP007,P000471,25,1.69,42.25,Received
PL0001087,PO202400192,20240215,SUP007,P000551,28,4.49,125.72,Received
PL0001088,PO202400192,20240215,SUP007,P000473,22,1.69,37.18,Received
PL0001089,PO202400192,20240215,SUP007,P000475,25,1.79,44.75,Received
PL0001090,PO202400192,20240215,SUP007,P000458,25,1.79,44.75,Received
PL0001091,PO202400192,20240215,SUP007,P000564,21,4.29,90.09,Received
PL0001092,PO202400193,20241215,SUP005,P000327,24,5.99,143.76,Received
PL0001093,PO202400193,20241215,SUP005,P000296,23,1.89,43.47,Received
PL0001094,PO202400193,20241215,SUP005,P000356,21,5.49,115.29,Received
PL0001095,PO202400193,20241215,SUP005,P000347,26,2.49,64.74,Received
PL0001096,PO202400193,20241215,SUP005,P000354,28,3.99,111.72,Received
PL0001097,PO202400193,20241215,SUP005,P000343,21,3.89,81.69,Received
PL0001098,PO202400193,20241215,SUP005,P000360,23,5.99,137.77,Received
PL0001099,PO202400193,20241215,SUP005,P000272,24,2.29,54.96,Received
PL0001100,PO202500194,20250315,SUP023,P000087,21,4.29,90.09,Received
PL0001101,PO202500194,20250315,SUP023,P000091,25,13.49,337.25,Received
PL0001102,PO202500194,20250315,SUP023,P000123,29,4.99,144.71,Received
PL0001103,PO202500194,20250315,SUP023,P000107,22,4.99,109.78,Received
PL0001104,PO202500194,20250315,SUP023,P000092,28,14.29,400.12,Received
PL0001105,PO202500194,20250315,SUP023,P000117,21,3.59,75.39,Received
PL0001106,PO202500194,20250315,SUP023,P000099,22,3.39,74.58,Received
PL0001107,PO202400195,20240515,SUP004,P000236,23,5.99,137.77,Received
PL0001108,PO202400195,20240515,SUP004,P000264,23,5.49,126.27,Received
PL0001109,PO202400195,20240515,SUP004,P000220,23,3.29,75.67,Received
PL0001110,PO202400195,20240515,SUP004,P000244,21,4.29,90.09,Received
PL0001111,PO202400196,20241015,SUP001,P000012,22,5.49,120.78,Received
PL0001112,PO202400196,20241015,SUP001,P000042,24,3.99,95.76,Received
PL0001113,PO202400196,20241015,SUP001,P000003,21,5.19,108.99,Received
PL0001114,PO202400196,20241015,SUP001,P000014,25,3.99,99.75,Received
PL0001115,PO202400196,20241015,SUP001,P000606,22,5.79,127.38,Received
PL0001116,PO202400196,20241015,SUP001,P000049,22,4.19,92.18,Received
PL0001117,PO202500197,20250415,SUP009,P000652,21,10.99,230.79,Received
PL0001118,PO202500197,20250415,SUP009,P000688,23,13.49,310.27,Received
PL0001119,PO202500197,20250415,SUP009,P000646,21,11.99,251.79,Received
PL0001120,PO202500197,20250415,SUP009,P000702,23,7.29,167.67,Received
PL0001121,PO202500197,20250415,SUP009,P000687,24,12.99,311.76,Received
PL0001122,PO202500197,20250415,SUP009,P000696,27,6.99,188.73,Received
PL0001123,PO202500198,20250615,SUP014,P000136,23,1.19,27.37,Received
PL0001124,PO202500198,20250615,SUP014,P000134,24,0.89,21.36,Received
PL0001125,PO202500198,20250615,SUP014,P000161,22,3.79,83.38,Received
PL0001126,PO202500198,20250615,SUP014,P000203,23,3.29,75.67,Received
PL0001127,PO202500198,20250615,SUP014,P000152,21,4.29,90.09,Received
PL0001128,PO202500198,20250615,SUP014,P000133,23,1.29,29.67,Received
PL0001129,PO202500198,20250615,SUP014,P000185,28,2.49,69.72,Received
PL0001130,PO202500198,20250615,SUP014,P000199,28,2.99,83.72,Received
PL0001131,PO202400199,20241015,SUP011,P000805,22,5.99,131.78,Received
PL0001132,PO202400199,20241015,SUP011,P000822,23,9.99,229.77,Received
PL0001133,PO202400199,20241015,SUP011,P000816,25,11.49,287.25,Received
PL0001134,PO202400199,20241015,SUP011,P000772,23,2.99,68.77,Received
PL0001135,PO202400199,20241015,SUP011,P000798,23,5.29,121.67,Received
PL0001136,PO202500200,20250815,SUP009,P000700,21,12.99,272.79,Received
PL0001137,PO202500200,20250815,SUP009,P000689,22,11.99,263.78,Received
PL0001138,PO202500200,20250815,SUP009,P000657,22,22.99,505.78,Received
PL0001139,PO202500200,20250815,SUP009,P000646,25,11.99,299.75,Received
PL0001140,PO202500200,20250815,SUP009,P000690,23,10.99,252.77,Received
PL0001141,PO202500200,20250815,SUP009,P000659,24,15.99,383.76,Received
PL0001142,PO202400201,20240815,SUP011,P000835,29,9.49,275.21,Received
PL0001143,PO202400201,20240815,SUP011,P000784,26,4.99,129.74,Received
PL0001144,PO202400201,20240815,SUP011,P000820,25,3.99,99.75,Received
PL0001145,PO202400201,20240815,SUP011,P000794,22,3.99,87.78,Received
PL0001146,PO202400201,20240815,SUP011,P000831,33,8.99,296.67,Received
PL0001147,PO202400202,20240415,SUP007,P000468,27,1.49,40.23,Received
PL0001148,PO202400202,20240415,SUP007,P000544,28,2.49,69.72,Received
PL0001149,PO202400202,20240415,SUP007,P000553,23,4.99,114.77,Received
PL0001150,PO202400202,20240415,SUP007,P000520,23,2.29,52.67,Received
PL0001151,PO202400202,20240415,SUP007,P000486,21,4.49,94.29,Received
PL0001152,PO202500203,20250915,SUP011,P000834,25,8.49,212.25,Received
PL0001153,PO202500203,20250915,SUP011,P000792,23,7.49,172.27,Received
PL0001154,PO202500203,20250915,SUP011,P000817,26,12.99,337.74,Received
PL0001155,PO202500203,20250915,SUP011,P000815,22,9.99,219.78,Received
PL0001156,PO202500203,20250915,SUP011,P000797,22,5.29,116.38,Received
PL0001157,PO202500203,20250915,SUP011,P000814,25,2.99,74.75,Received
PL0001158,PO202500203,20250915,SUP011,P000819,23,5.99,137.77,Received
PL0001159,PO202500203,20250915,SUP011,P000811,23,8.99,206.77,Received
PL0001160,PO202400204,20240515,SUP008,P000625,22,4.29,94.38,Pending
PL0001161,PO202400204,20240515,SUP008,P000591,27,4.29,115.83,Pending
PL0001162,PO202400204,20240515,SUP008,P000611,21,8.99,188.79,Pending
PL0001163,PO202400204,20240515,SUP008,P000612,22,9.49,208.78,Pending
PL0001164,PO202400204,20240515,SUP008,P000632,28,7.99,223.72,Pending
PL0001165,PO202400204,20240515,SUP008,P000608,23,3.49,80.27,Pending
PL0001166,PO202400204,20240515,SUP008,P000594,28,5.29,148.12,Pending
PL0001167,PO202400204,20240515,SUP008,P000596,21,4.99,104.79,Pending
PL0001168,PO202500205,20250315,SUP009,P000662,23,25.99,597.77,Received
PL0001169,PO202500205,20250315,SUP009,P000670,21,12.99,272.79,Received
PL0001170,PO202500205,20250315,SUP009,P000708,22,15.99,351.78,Received
PL0001171,PO202500205,20250315,SUP009,P000673,24,8.99,215.76,Received
PL0001172,PO202500205,20250315,SUP009,P000664,21,13.99,293.79,Received
PL0001173,PO202500205,20250315,SUP009,P000677,23,11.99,275.77,Received
PL0001174,PO202500206,20250915,SUP011,P000794,24,3.99,95.76,Received
PL0001175,PO202500206,20250915,SUP011,P000826,25,8.49,212.25,Received
PL0001176,PO202500206,20250915,SUP011,P000791,23,8.99,206.77,Received
PL0001177,PO202500206,20250915,SUP011,P000802,23,5.49,126.27,Received
PL0001178,PO202500206,20250915,SUP011,P000841,23,6.49,149.27,Received
PL0001179,PO202500207,20250815,SUP002,P000075,23,3.49,80.27,Received
PL0001180,PO202500207,20250815,SUP002,P000081,22,2.99,65.78,Received
PL0001181,PO202500207,20250815,SUP002,P000088,21,4.49,94.29,Received
PL0001182,PO202500207,20250815,SUP002,P000097,29,2.99,86.71,Received
PL0001183,PO202500207,20250815,SUP002,P000093,25,3.99,99.75,Received
PL0001184,PO202500207,20250815,SUP002,P000085,21,4.79,100.59,Received
PL0001185,PO202500207,20250815,SUP002,P000071,26,2.49,64.74,Received
PL0001186,PO202400208,20240215,SUP004,P000236,23,5.99,137.77,Received
PL0001187,PO202400208,20240215,SUP004,P000238,24,6.49,155.76,Received
PL0001188,PO202400208,20240215,SUP004,P000261,24,5.69,136.56,Received
PL0001189,PO202400208,20240215,SUP004,P000251,23,8.49,195.27,Received
PL0001190,PO202400208,20240215,SUP004,P000233,23,6.29,144.67,Received
PL0001191,PO202400208,20240215,SUP004,P000226,22,3.99,87.78,Received
PL0001192,PO202400208,20240215,SUP004,P000224,24,3.99,95.76,Received
PL0001193,PO202400209,20240715,SUP013,P000039,23,4.39,100.97,Received
PL0001194,PO202400209,20240715,SUP013,P000052,21,5.69,119.49,Received
PL0001195,PO202400209,20240715,SUP013,P000006,23,5.99,137.77,Received
PL0001196,PO202400209,20240715,SUP013,P000066,22,5.29,116.38,Received
PL0001197,PO202400209,20240715,SUP013,P000055,23,5.19,119.37,Received
PL0001198,PO202400209,20240715,SUP013,P000056,24,5.99,143.76,Received
PL0001199,PO202400209,20240715,SUP013,P000050,22,5.49,120.78,Received
PL0001200,PO202500210,20251115,SUP030,P000510,22,5.99,131.78,Received
PL0001201,PO202500210,20251115,SUP030,P000503,22,3.99,87.78,Received
PL0001202,PO202500210,20251115,SUP030,P000575,25,3.49,87.25,Received
PL0001203,PO202500210,20251115,SUP030,P000479,23,1.79,41.17,Received
PL0001204,PO202400211,20241015,SUP008,P000619,24,6.99,167.76,Pending
PL0001205,PO202400211,20241015,SUP008,P000618,27,6.79,183.33,Pending
PL0001206,PO202400211,20241015,SUP008,P000638,23,4.49,103.27,Pending
PL0001207,PO202400211,20241015,SUP008,P000620,24,6.99,167.76,Pending
PL0001208,PO202500212,20250915,SUP013,P000039,23,4.39,100.97,Received
PL0001209,PO202500212,20250915,SUP013,P000031,23,4.99,114.77,Received
PL0001210,PO202500212,20250915,SUP013,P000032,22,5.19,114.18,Received
PL0001211,PO202500212,20250915,SUP013,P000040,25,4.39,109.75,Received
PL0001212,PO202500212,20250915,SUP013,P000068,22,5.99,131.78,Received
PL0001213,PO202500212,20250915,SUP013,P000033,24,5.19,124.56,Received
PL0001214,PO202500213,20250715,SUP012,P000009,22,3.49,76.78,Received
PL0001215,PO202500213,20250715,SUP012,P000061,23,5.99,137.77,Received
PL0001216,PO202500213,20250715,SUP012,P000069,22,5.99,131.78,Received
PL0001217,PO202500213,20250715,SUP012,P000029,25,6.29,157.25,Received
PL0001218,PO202500213,20250715,SUP012,P000057,22,6.99,153.78,Received
PL0001219,PO202500213,20250715,SUP012,P000010,25,4.99,124.75,Received
PL0001220,PO202500213,20250715,SUP012,P000028,26,6.49,168.74,Received
PL0001221,PO202500214,20250215,SUP008,P000613,21,4.99,104.79,Received
PL0001222,PO202500214,20250215,SUP008,P000624,23,5.49,126.27,Received
PL0001223,PO202500214,20250215,SUP008,P000591,23,4.29,98.67,Received
PL0001224,PO202500214,20250215,SUP008,P000597,22,5.49,120.78,Received
PL0001225,PO202500214,20250215,SUP008,P000616,23,5.29,121.67,Received
PL0001226,PO202500214,20250215,SUP008,P000629,25,7.49,187.25,Received
PL0001227,PO202500214,20250215,SUP008,P000633,26,3.99,103.74,Received
PL0001228,PO202500214,20250215,SUP008,P000620,22,6.99,153.78,Received
PL0001229,PO202400215,20241115,SUP004,P000241,24,3.99,95.76,Received
PL0001230,PO202400215,20241115,SUP004,P000246,21,4.39,92.19,Received
PL0001231,PO202400215,20241115,SUP004,P000216,23,6.79,156.17,Received
PL0001232,PO202400215,20241115,SUP004,P000223,24,3.29,78.96,Received
PL0001233,PO202400215,20241115,SUP004,P000253,21,8.99,188.79,Received
PL0001234,PO202400215,20241115,SUP004,P000263,22,5.29,116.38,Received
PL0001235,PO202400215,20241115,SUP004,P000267,24,4.29,102.96,Received
PL0001236,PO202400215,20241115,SUP004,P000238,21,6.49,136.29,Received
PL0001237,PO202500216,20250615,SUP011,P000809,23,2.99,68.77,Received
PL0001238,PO202500216,20250615,SUP011,P000807,22,5.49,120.78,Received
PL0001239,PO202500216,20250615,SUP011,P000816,21,11.49,241.29,Received
PL0001240,PO202500216,20250615,SUP011,P000804,24,6.99,167.76,Received
PL0001241,PO202500216,20250615,SUP011,P000805,22,5.99,131.78,Received
PL0001242,PO202400217,20241115,SUP003,P000639,23,9.99,229.77,Received
PL0001243,PO202400217,20241115,SUP003,P000636,24,3.99,95.76,Received
PL0001244,PO202400217,20241115,SUP003,P000148,26,4.89,127.14,Received
PL0001245,PO202400217,20241115,SUP003,P000635,23,4.99,114.77,Received
PL0001246,PO202400217,20241115,SUP003,P000626,21,3.99,83.79,Received
PL0001247,PO202500218,20250115,SUP008,P000615,22,5.49,120.78,Received
PL0001248,PO202500218,20250115,SUP008,P000602,23,4.99,114.77,Received
PL0001249,PO202500218,20250115,SUP008,P000620,21,6.99,146.79,Received
PL0001250,PO202500218,20250115,SUP008,P000592,27,4.49,121.23,Received
PL0001251,PO202500218,20250115,SUP008,P000594,23,5.29,121.67,Received
PL0001252,PO202500218,20250115,SUP008,P000638,22,4.49,98.78,Received
PL0001253,PO202500218,20250115,SUP008,P000614,23,5.29,121.67,Received
PL0001254,PO202500218,20250115,SUP008,P000625,22,4.29,94.38,Received
PL0001255,PO202400219,20240215,SUP012,P000064,22,7.49,164.78,Received
PL0001256,PO202400219,20240215,SUP012,P000062,24,5.79,138.96,Received
PL0001257,PO202400219,20240215,SUP012,P000018,26,6.99,181.74,Received
PL0001258,PO202400219,20240215,SUP012,P000057,23,6.99,160.77,Received
PL0001259,PO202400219,20240215,SUP012,P000059,22,5.99,131.78,Received
PL0001260,PO202400219,20240215,SUP012,P000016,25,6.49,162.25,Received
PL0001261,PO202400220,20240915,SUP002,P000080,25,2.99,74.75,Received
PL0001262,PO202400220,20240915,SUP002,P000076,26,3.99,103.74,Received
PL0001263,PO202400220,20240915,SUP002,P000113,22,4.59,100.98,Received
PL0001264,PO202400220,20240915,SUP002,P000119,26,3.49,90.74,Received
PL0001265,PO202400220,20240915,SUP002,P000111,22,3.19,70.18,Received
PL0001266,PO202500221,20250915,SUP009,P000702,23,7.29,167.67,Received
PL0001267,PO202500221,20250915,SUP009,P000683,25,7.29,182.25,Received
PL0001268,PO202500221,20250915,SUP009,P000643,23,7.49,172.27,Received
PL0001269,PO202500221,20250915,SUP009,P000697,26,21.99,571.74,Received
PL0001270,PO202500221,20250915,SUP009,P000645,25,8.49,212.25,Received
PL0001271,PO202500221,20250915,SUP009,P000650,22,13.99,307.78,Received
PL0001272,PO202500221,20250915,SUP009,P000701,26,7.49,194.74,Received
PL0001273,PO202500222,20250815,SUP009,P000645,21,8.49,178.29,Cancelled
PL0001274,PO202500222,20250815,SUP009,P000652,22,10.99,241.78,Cancelled
PL0001275,PO202500222,20250815,SUP009,P000697,23,21.99,505.77,Cancelled
PL0001276,PO202500222,20250815,SUP009,P000690,23,10.99,252.77,Cancelled
PL0001277,PO202500222,20250815,SUP009,P000686,26,8.49,220.74,Cancelled
PL0001278,PO202500223,20250215,SUP006,P000374,24,2.59,62.16,Received
PL0001279,PO202500223,20250215,SUP006,P000428,23,1.39,31.97,Received
PL0001280,PO202500223,20250215,SUP006,P000362,26,2.49,64.74,Received
PL0001281,PO202500223,20250215,SUP006,P000400,22,3.49,76.78,Received
PL0001282,PO202500223,20250215,SUP006,P000441,23,3.99,91.77,Received
PL0001283,PO202500223,20250215,SUP006,P000419,25,3.49,87.25,Received
PL0001284,PO202500223,20250215,SUP006,P000399,26,3.29,85.54,Received
PL0001285,PO202500224,20250815,SUP013,P000054,24,5.29,126.96,Pending
PL0001286,PO202500224,20250815,SUP013,P000033,23,5.19,119.37,Pending
PL0001287,PO202500224,20250815,SUP013,P000039,22,4.39,96.58,Pending
PL0001288,PO202500224,20250815,SUP013,P000038,24,4.29,102.96,Pending
PL0001289,PO202500224,20250815,SUP013,P000068,25,5.99,149.75,Pending
PL0001290,PO202500224,20250815,SUP013,P000037,27,4.29,115.83,Pending
PL0001291,PO202500225,20250115,SUP003,P000148,22,4.89,107.58,Received
PL0001292,PO202500225,20250115,SUP003,P000178,21,1.79,37.59,Received
PL0001293,PO202500225,20250115,SUP003,P000190,25,1.29,32.25,Received
PL0001294,PO202500225,20250115,SUP003,P000208,25,2.49,62.25,Received
PL0001295,PO202500225,20250115,SUP003,P000206,28,2.99,83.72,Received
PL0001296,PO202500225,20250115,SUP003,P000204,24,2.19,52.56,Received
PL0001297,PO202500225,20250115,SUP003,P000627,25,3.99,99.75,Received
PL0001298,PO202400226,20241115,SUP010,P000718,21,9.99,209.79,Received
PL0001299,PO202400226,20241115,SUP010,P000737,21,3.99,83.79,Received
PL0001300,PO202400226,20241115,SUP010,P000725,27,8.49,229.23,Received
PL0001301,PO202400226,20241115,SUP010,P000727,26,4.99,129.74,Received
PL0001302,PO202400226,20241115,SUP010,P000744,25,3.99,99.75,Received
PL0001303,PO202400226,20241115,SUP010,P000717,28,7.99,223.72,Received
PL0001304,PO202400226,20241115,SUP010,P000760,21,3.99,83.79,Received
PL0001305,PO202400226,20241115,SUP010,P000722,23,3.29,75.67,Received
PL0001306,PO202400227,20241115,SUP030,P000503,23,3.99,91.77,Received
PL0001307,PO202400227,20241115,SUP030,P000502,22,2.29,50.38,Received
PL0001308,PO202400227,20241115,SUP030,P000470,21,1.99,41.79,Received
PL0001309,PO202400227,20241115,SUP030,P000464,23,3.99,91.77,Received
PL0001310,PO202400227,20241115,SUP030,P000492,23,6.49,149.27,Received
PL0001311,PO202400227,20241115,SUP030,P000533,23,0.99,22.77,Received
PL0001312,PO202400227,20241115,SUP030,P000490,24,3.99,95.76,Received
PL0001313,PO202400227,20241115,SUP030,P000491,24,5.49,131.76,Received
PL0001314,PO202500228,20251115,SUP008,P000611,24,8.99,215.76,Received
PL0001315,PO202500228,20251115,SUP008,P000617,23,6.49,149.27,Received
PL0001316,PO202500228,20251115,SUP008,P000592,27,4.49,121.23,Received
PL0001317,PO202500228,20251115,SUP008,P000612,23,9.49,218.27,Received
PL0001318,PO202500228,20251115,SUP008,P000597,23,5.49,126.27,Received
PL0001319,PO202500228,20251115,SUP008,P000628,21,6.99,146.79,Received
PL0001320,PO202400229,20241015,SUP030,P000543,25,0.99,24.75,Received
PL0001321,PO202400229,20241015,SUP030,P000476,21,1.69,35.49,Received
PL0001322,PO202400229,20241015,SUP030,P000479,23,1.79,41.17,Received
PL0001323,PO202400229,20241015,SUP030,P000559,24,1.89,45.36,Received
PL0001324,PO202400229,20241015,SUP030,P000557,26,1.99,51.74,Received
PL0001325,PO202400229,20241015,SUP030,P000460,24,2.29,54.96,Received
PL0001326,PO202500230,20250515,SUP012,P000059,26,5.99,155.74,Pending
PL0001327,PO202500230,20250515,SUP012,P000026,28,5.69,159.32,Pending
PL0001328,PO202500230,20250515,SUP012,P000020,30,6.79,203.7,Pending
PL0001329,PO202500230,20250515,SUP012,P000017,31,6.49,201.19,Pending
PL0001330,PO202500230,20250515,SUP012,P000030,23,5.99,137.77,Pending
PL0001331,PO202500230,20250515,SUP012,P000019,23,5.99,137.77,Pending
PL0001332,PO202500230,20250515,SUP012,P000057,25,6.99,174.75,Pending
PL0001333,PO202400231,20240115,SUP016,P000332,33,3.29,108.57,Received
PL0001334,PO202400231,20240115,SUP016,P000326,22,1.79,39.38,Received
PL0001335,PO202400231,20240115,SUP016,P000331,22,3.49,76.78,Received
PL0001336,PO202400231,20240115,SUP016,P000345,23,5.49,126.27,Received
PL0001337,PO202400231,20240115,SUP016,P000324,22,2.19,48.18,Received
PL0001338,PO202400231,20240115,SUP016,P000278,28,2.29,64.12,Received
PL0001339,PO202400231,20240115,SUP016,P000323,21,2.19,45.99,Received
PL0001340,PO202400231,20240115,SUP016,P000333,22,3.29,72.38,Received
PL0001341,PO202400232,20240915,SUP009,P000662,21,25.99,545.79,Received
PL0001342,PO202400232,20240915,SUP009,P000678,21,13.49,283.29,Received
PL0001343,PO202400232,20240915,SUP009,P000673,23,8.99,206.77,Received
PL0001344,PO202400232,20240915,SUP009,P000710,22,19.99,439.78,Received
PL0001345,PO202400232,20240915,SUP009,P000661,22,21.99,483.78,Received
PL0001346,PO202400232,20240915,SUP009,P000667,23,29.99,689.77,Received
PL0001347,PO202400232,20240915,SUP009,P000679,23,11.49,264.27,Received
PL0001348,PO202500233,20250115,SUP014,P000139,23,5.29,121.67,Cancelled
PL0001349,PO202500233,20250115,SUP014,P000150,22,1.19,26.18,Cancelled
PL0001350,PO202500233,20250115,SUP014,P000199,28,2.99,83.72,Cancelled
PL0001351,PO202500233,20250115,SUP014,P000192,22,1.69,37.18,Cancelled
PL0001352,PO202500233,20250115,SUP014,P000191,24,1.69,40.56,Cancelled
PL0001353,PO202500233,20250115,SUP014,P000185,27,2.49,67.23,Cancelled
PL0001354,PO202500233,20250115,SUP014,P000162,22,5.99,131.78,Cancelled
PL0001355,PO202400234,20240815,SUP011,P000849,21,6.99,146.79,Received
PL0001356,PO202500235,20251015,SUP011,P000849,23,6.99,160.77,Received
PL0001357,PO202500236,20250615,SUP009,P000703,26,16.99,441.74,Received
PL0001358,PO202500236,20250615,SUP009,P000695,22,7.49,164.78,Received
PL0001359,PO202500236,20250615,SUP009,P000645,21,8.49,178.29,Received
PL0001360,PO202500236,20250615,SUP009,P000653,26,8.49,220.74,Received
PL0001361,PO202500236,20250615,SUP009,P000696,23,6.99,160.77,Received
PL0001362,PO202500236,20250615,SUP009,P000647,22,12.99,285.78,Received
PL0001363,PO202500236,20250615,SUP009,P000693,24,6.49,155.76,Received
PL0001364,PO202500237,20250915,SUP009,P000672,27,7.99,215.73,Cancelled
PL0001365,PO202500237,20250915,SUP009,P000668,25,24.99,624.75,Cancelled
PL0001366,PO202500237,20250915,SUP009,P000670,21,12.99,272.79,Cancelled
PL0001367,PO202500237,20250915,SUP009,P000665,23,16.99,390.77,Cancelled
PL0001368,PO202500237,20250915,SUP009,P000707,21,18.99,398.79,Cancelled
PL0001369,PO202500238,20250815,SUP009,P000699,27,18.99,512.73,Received
PL0001370,PO202500238,20250815,SUP009,P000698,21,22.99,482.79,Received
PL0001371,PO202500238,20250815,SUP009,P000648,27,20.99,566.73,Received
PL0001372,PO202500238,20250815,SUP009,P000659,24,15.99,383.76,Received
PL0001373,PO202500238,20250815,SUP009,P000701,22,7.49,164.78,Received
PL0001374,PO202400239,20241215,SUP008,P000612,31,9.49,294.19,Received
PL0001375,PO202400239,20241215,SUP008,P000616,29,5.29,153.41,Received
PL0001376,PO202400239,20241215,SUP008,P000592,28,4.49,125.72,Received
PL0001377,PO202400239,20241215,SUP008,P000628,23,6.99,160.77,Received
PL0001378,PO202400239,20241215,SUP008,P000624,26,5.49,142.74,Received
PL0001379,PO202400239,20241215,SUP008,P000630,21,3.49,73.29,Received
PL0001380,PO202400239,20241215,SUP008,P000608,24,3.49,83.76,Received
PL0001381,PO202400239,20241215,SUP008,P000622,23,4.79,110.17,Received
PL0001382,PO202500240,20250715,SUP029,P000424,21,3.49,73.29,Received
PL0001383,PO202500240,20250715,SUP029,P000406,21,3.49,73.29,Received
PL0001384,PO202500240,20250715,SUP029,P000430,23,1.49,34.27,Received
PL0001385,PO202500240,20250715,SUP029,P000377,30,2.99,89.7,Received
PL0001386,PO202500240,20250715,SUP029,P000385,27,1.09,29.43,Received
PL0001387,PO202500240,20250715,SUP029,P000393,22,2.49,54.78,Received
PL0001388,PO202500240,20250715,SUP029,P000445,22,1.99,43.78,Received
PL0001389,PO202500241,20250515,SUP013,P000051,22,5.69,125.18,Received
PL0001390,PO202500241,20250515,SUP013,P000038,28,4.29,120.12,Received
PL0001391,PO202500241,20250515,SUP013,P000039,21,4.39,92.19,Received
PL0001392,PO202500241,20250515,SUP013,P000052,22,5.69,125.18,Received
PL0001393,PO202500241,20250515,SUP013,P000032,21,5.19,108.99,Received
PL0001394,PO202500241,20250515,SUP013,P000031,24,4.99,119.76,Received
PL0001395,PO202500241,20250515,SUP013,P000033,23,5.19,119.37,Received
PL0001396,PO202500241,20250515,SUP013,P000005,22,4.99,109.78,Received
PL0001397,PO202400242,20240415,SUP003,P000181,21,5.49,115.29,Received
PL0001398,PO202400242,20240415,SUP003,P000635,26,4.99,129.74,Received
PL0001399,PO202400242,20240415,SUP003,P000202,24,2.29,54.96,Received
PL0001400,PO202400242,20240415,SUP003,P000173,22,3.29,72.38,Received
PL0001401,PO202400242,20240415,SUP003,P000165,24,0.99,23.76,Received
PL0001402,PO202400242,20240415,SUP003,P000167,22,3.49,76.78,Received
PL0001403,PO202400242,20240415,SUP003,P000145,27,2.49,67.23,Received
PL0001404,PO202500243,20251215,SUP011,P000849,24,6.99,167.76,Pending
PL0001405,PO202500244,20250115,SUP014,P000142,22,1.89,41.58,Received
PL0001406,PO202500244,20250115,SUP014,P000150,22,1.19,26.18,Received
PL0001407,PO202500244,20250115,SUP014,P000162,22,5.99,131.78,Received
PL0001408,PO202500244,20250115,SUP014,P000187,21,2.89,60.69,Received
PL0001409,PO202500244,20250115,SUP014,P000195,22,1.49,32.78,Received
PL0001410,PO202500244,20250115,SUP014,P000192,22,1.69,37.18,Received
PL0001411,PO202400245,20240815,SUP008,P000619,27,6.99,188.73,Received
PL0001412,PO202400245,20240815,SUP008,P000597,21,5.49,115.29,Received
PL0001413,PO202400245,20240815,SUP008,P000610,21,3.99,83.79,Received
PL0001414,PO202400245,20240815,SUP008,P000601,23,4.49,103.27,Received
PL0001415,PO202400245,20240815,SUP008,P000632,22,7.99,175.78,Received
PL0001416,PO202400245,20240815,SUP008,P000633,21,3.99,83.79,Received
PL0001417,PO202400245,20240815,SUP008,P000630,23,3.49,80.27,Received
PL0001418,PO202400245,20240815,SUP008,P000629,21,7.49,157.29,Received
PL0001419,PO202500246,20250615,SUP012,P000021,27,6.99,188.73,Received
PL0001420,PO202500246,20250615,SUP012,P000018,22,6.99,153.78,Received
PL0001421,PO202500246,20250615,SUP012,P000029,22,6.29,138.38,Received
PL0001422,PO202500246,20250615,SUP012,P000062,25,5.79,144.75,Received
PL0001423,PO202500246,20250615,SUP012,P000009,22,3.49,76.78,Received
PL0001424,PO202500246,20250615,SUP012,P000028,27,6.49,175.23,Received
PL0001425,PO202500246,20250615,SUP012,P000025,22,5.69,125.18,Received
PL0001426,PO202500246,20250615,SUP012,P000016,26,6.49,168.74,Received
PL0001427,PO202500247,20250715,SUP023,P000107,23,4.99,114.77,Pending
PL0001428,PO202500247,20250715,SUP023,P000117,25,3.59,89.75,Pending
PL0001429,PO202500247,20250715,SUP023,P000082,21,3.19,66.99,Pending
PL0001430,PO202500247,20250715,SUP023,P000099,28,3.39,94.92,Pending
PL0001431,PO202500247,20250715,SUP023,P000086,23,4.29,98.67,Pending
PL0001432,PO202500247,20250715,SUP023,P000104,24,3.49,83.76,Pending
PL0001433,PO202500247,20250715,SUP023,P000103,21,3.39,71.19,Pending
PL0001434,PO202500247,20250715,SUP023,P000091,21,13.49,283.29,Pending
PL0001435,PO202400248,20241215,SUP023,P000090,31,12.99,402.69,Received
PL0001436,PO202400248,20241215,SUP023,P000098,22,2.59,56.98,Received
PL0001437,PO202400248,20241215,SUP023,P000107,22,4.99,109.78,Received
PL0001438,PO202400248,20241215,SUP023,P000104,27,3.49,94.23,Received
PL0001439,PO202400248,20241215,SUP023,P000074,30,3.29,98.7,Received
PL0001440,PO202400249,20241115,SUP016,P000279,21,2.29,48.09,Received
PL0001441,PO202400249,20241115,SUP016,P000358,22,5.99,131.78,Received
PL0001442,PO202400249,20241115,SUP016,P000340,29,3.99,115.71,Received
PL0001443,PO202400249,20241115,SUP016,P000334,22,3.29,72.38,Received
PL0001444,PO202400249,20241115,SUP016,P000313,23,7.49,172.27,Received
PL0001445,PO202400249,20241115,SUP016,P000326,29,1.79,51.91,Received
PL0001446,PO202400249,20241115,SUP016,P000352,21,1.79,37.59,Received
PL0001447,PO202400250,20240815,SUP023,P000104,21,3.49,73.29,Received
PL0001448,PO202400250,20240815,SUP023,P000098,25,2.59,64.75,Received
PL0001449,PO202400250,20240815,SUP023,P000086,23,4.29,98.67,Received
PL0001450,PO202400250,20240815,SUP023,P000082,25,3.19,79.75,Received
PL0001451,PO202400250,20240815,SUP023,P000087,21,4.29,90.09,Received
PL0001452,PO202400250,20240815,SUP023,P000116,29,3.49,101.21,Received
PL0001453,PO202400251,20240415,SUP011,P000849,22,6.99,153.78,Received
PL0001454,PO202400252,20240315,SUP007,P000521,24,2.19,52.56,Received
PL0001455,PO202400252,20240315,SUP007,P000472,23,1.69,38.87,Received
PL0001456,PO202400252,20240315,SUP007,P000465,21,3.29,69.09,Received
PL0001457,PO202400252,20240315,SUP007,P000567,21,3.99,83.79,Received
PL0001458,PO202500253,20251015,SUP006,P000450,23,2.99,68.77,Received
PL0001459,PO202500253,20251015,SUP006,P000421,22,3.29,72.38,Received
PL0001460,PO202500253,20251015,SUP006,P000428,21,1.39,29.19,Received
PL0001461,PO202500253,20251015,SUP006,P000396,23,2.29,52.67,Received
PL0001462,PO202500253,20251015,SUP006,P000402,23,8.99,206.77,Received
PL0001463,PO202500254,20251015,SUP013,P000067,22,5.99,131.78,Pending
PL0001464,PO202500254,20251015,SUP013,P000066,22,5.29,116.38,Pending
PL0001465,PO202500254,20251015,SUP013,P000039,24,4.39,105.36,Pending
PL0001466,PO202500254,20251015,SUP013,P000068,25,5.99,149.75,Pending
PL0001467,PO202500254,20251015,SUP013,P000038,22,4.29,94.38,Pending
PL0001468,PO202500254,20251015,SUP013,P000052,21,5.69,119.49,Pending
PL0001469,PO202400255,20240615,SUP005,P000275,22,2.29,50.38,Received
PL0001470,PO202400255,20240615,SUP005,P000318,21,8.99,188.79,Received
PL0001471,PO202400255,20240615,SUP005,P000311,23,7.99,183.77,Received
PL0001472,PO202400255,20240615,SUP005,P000273,26,2.29,59.54,Received
PL0001473,PO202400255,20240615,SUP005,P000354,25,3.99,99.75,Received
PL0001474,PO202400255,20240615,SUP005,P000357,24,5.99,143.76,Received
PL0001475,PO202400255,20240615,SUP005,P000290,21,4.99,104.79,Received
PL0001476,PO202400255,20240615,SUP005,P000359,21,5.99,125.79,Received
PL0001477,PO202500256,20250215,SUP002,P000114,28,4.79,134.12,Received
PL0001478,PO202500256,20250215,SUP002,P000095,24,4.29,102.96,Received
PL0001479,PO202500256,20250215,SUP002,P000106,25,3.89,97.25,Received
PL0001480,PO202500256,20250215,SUP002,P000126,23,4.89,112.47,Received
PL0001481,PO202500257,20250715,SUP016,P000280,24,2.39,57.36,Received
PL0001482,PO202500257,20250715,SUP016,P000314,25,7.79,194.75,Received
PL0001483,PO202500257,20250715,SUP016,P000323,23,2.19,50.37,Received
PL0001484,PO202500257,20250715,SUP016,P000300,22,2.69,59.18,Received
PL0001485,PO202500257,20250715,SUP016,P000334,21,3.29,69.09,Received
PL0001486,PO202500257,20250715,SUP016,P000319,22,2.99,65.78,Received
PL0001487,PO202500257,20250715,SUP016,P000277,25,2.29,57.25,Received
PL0001488,PO202500258,20250115,SUP007,P000451,22,10.99,241.78,Received
PL0001489,PO202500258,20250115,SUP007,P000475,25,1.79,44.75,Received
PL0001490,PO202500258,20250115,SUP007,P000537,27,3.99,107.73,Received
PL0001491,PO202500258,20250115,SUP007,P000454,21,6.49,136.29,Received
PL0001492,PO202500258,20250115,SUP007,P000472,26,1.69,43.94,Received
PL0001493,PO202500258,20250115,SUP007,P000560,21,1.49,31.29,Received
PL0001494,PO202500258,20250115,SUP007,P000530,31,0.49,15.19,Received
PL0001495,PO202400259,20240315,SUP007,P000467,24,1.49,35.76,Received
PL0001496,PO202400259,20240315,SUP007,P000538,24,3.99,95.76,Received
PL0001497,PO202400259,20240315,SUP007,P000484,23,4.29,98.67,Received
PL0001498,PO202400259,20240315,SUP007,P000563,22,3.49,76.78,Received
PL0001499,PO202400259,20240315,SUP007,P000453,23,5.99,137.77,Received
PL0001500,PO202400259,20240315,SUP007,P000561,21,1.59,33.39,Received
PL0001501,PO202400259,20240315,SUP007,P000584,23,2.49,57.27,Received
PL0001502,PO202500260,20250115,SUP005,P000306,25,4.79,119.75,Received
PL0001503,PO202500260,20250115,SUP005,P000349,23,1.69,38.87,Received
PL0001504,PO202500260,20250115,SUP005,P000318,21,8.99,188.79,Received
PL0001505,PO202500260,20250115,SUP005,P000312,28,8.29,232.12,Received
PL0001506,PO202500261,20250115,SUP014,P000175,25,3.69,92.25,Received
PL0001507,PO202500261,20250115,SUP014,P000192,22,1.69,37.18,Received
PL0001508,PO202500261,20250115,SUP014,P000188,24,3.29,78.96,Received
PL0001509,PO202500261,20250115,SUP014,P000180,22,2.99,65.78,Received
PL0001510,PO202500261,20250115,SUP014,P000153,24,3.99,95.76,Received
PL0001511,PO202500261,20250115,SUP014,P000147,22,4.39,96.58,Received
PL0001512,PO202500261,20250115,SUP014,P000142,22,1.89,41.58,Received
PL0001513,PO202500262,20250415,SUP001,P000042,23,3.99,91.77,Received
PL0001514,PO202500262,20250415,SUP001,P000003,24,5.19,124.56,Received
PL0001515,PO202500262,20250415,SUP001,P000053,23,3.49,80.27,Received
PL0001516,PO202500262,20250415,SUP001,P000044,22,4.29,94.38,Received
PL0001517,PO202500262,20250415,SUP001,P000013,22,5.49,120.78,Received
PL0001518,PO202500262,20250415,SUP001,P000604,24,5.49,131.76,Received
PL0001519,PO202400263,20240815,SUP006,P000422,24,3.29,78.96,Received
PL0001520,PO202400263,20240815,SUP006,P000410,26,3.49,90.74,Received
PL0001521,PO202400263,20240815,SUP006,P000376,23,2.99,68.77,Received
PL0001522,PO202400263,20240815,SUP006,P000388,24,1.19,28.56,Received
PL0001523,PO202400263,20240815,SUP006,P000401,22,8.49,186.78,Received
PL0001524,PO202400263,20240815,SUP006,P000405,22,2.99,65.78,Received
PL0001525,PO202400263,20240815,SUP006,P000361,24,2.49,59.76,Received
PL0001526,PO202400264,20240715,SUP009,P000681,27,6.99,188.73,Received
PL0001527,PO202400264,20240715,SUP009,P000646,22,11.99,263.78,Received
PL0001528,PO202400264,20240715,SUP009,P000643,21,7.49,157.29,Received
PL0001529,PO202400264,20240715,SUP009,P000658,27,16.99,458.73,Received
PL0001530,PO202400264,20240715,SUP009,P000647,23,12.99,298.77,Received
PL0001531,PO202400264,20240715,SUP009,P000709,26,11.99,311.74,Received
PL0001532,PO202400264,20240715,SUP009,P000653,24,8.49,203.76,Received
PL0001533,PO202400264,20240715,SUP009,P000642,21,5.99,125.79,Received
PL0001534,PO202400265,20241015,SUP005,P000356,21,5.49,115.29,Pending
PL0001535,PO202400265,20241015,SUP005,P000337,22,2.49,54.78,Pending
PL0001536,PO202400265,20241015,SUP005,P000273,22,2.29,50.38,Pending
PL0001537,PO202400265,20241015,SUP005,P000274,21,2.29,48.09,Pending
PL0001538,PO202400265,20241015,SUP005,P000307,26,4.79,124.54,Pending
PL0001539,PO202400266,20240315,SUP014,P000196,24,1.69,40.56,Received
PL0001540,PO202400266,20240315,SUP014,P000199,23,2.99,68.77,Received
PL0001541,PO202400266,20240315,SUP014,P000201,24,2.19,52.56,Received
PL0001542,PO202400266,20240315,SUP014,P000147,29,4.39,127.31,Received
PL0001543,PO202400266,20240315,SUP014,P000156,25,5.49,137.25,Received
PL0001544,PO202400267,20240615,SUP011,P000849,24,6.99,167.76,Received
PL0001545,PO202500268,20250715,SUP011,P000842,23,5.99,137.77,Received
PL0001546,PO202500268,20250715,SUP011,P000848,23,39.99,919.77,Received
PL0001547,PO202500269,20250515,SUP004,P000258,25,3.99,99.75,Received
PL0001548,PO202500269,20250515,SUP004,P000268,22,4.29,94.38,Received
PL0001549,PO202500269,20250515,SUP004,P000261,22,5.69,125.18,Received
PL0001550,PO202500269,20250515,SUP004,P000264,24,5.49,131.76,Received
PL0001551,PO202500269,20250515,SUP004,P000214,26,6.49,168.74,Received
PL0001552,PO202500269,20250515,SUP004,P000250,22,9.99,219.78,Received
PL0001553,PO202500269,20250515,SUP004,P000213,22,6.49,142.78,Received
PL0001554,PO202500270,20250515,SUP011,P000774,25,3.49,87.25,Received
PL0001555,PO202500270,20250515,SUP011,P000812,22,9.49,208.78,Received
PL0001556,PO202500270,20250515,SUP011,P000820,21,3.99,83.79,Received
PL0001557,PO202500270,20250515,SUP011,P000802,23,5.49,126.27,Received
PL0001558,PO202500270,20250515,SUP011,P000811,21,8.99,188.79,Received
PL0001559,PO202500270,20250515,SUP011,P000828,22,14.99,329.78,Received
PL0001560,PO202500271,20251215,SUP003,P000194,25,1.49,37.25,Received
PL0001561,PO202500271,20251215,SUP003,P000132,25,0.79,19.75,Received
PL0001562,PO202500271,20251215,SUP003,P000189,27,1.29,34.83,Received
PL0001563,PO202500271,20251215,SUP003,P000626,25,3.99,99.75,Received
PL0001564,PO202500271,20251215,SUP003,P000173,23,3.29,75.67,Received
PL0001565,PO202500271,20251215,SUP003,P000178,24,1.79,42.96,Received
PL0001566,PO202400272,20240915,SUP010,P000749,22,5.99,131.78,Pending
PL0001567,PO202400272,20240915,SUP010,P000720,23,4.49,103.27,Pending
PL0001568,PO202400272,20240915,SUP010,P000736,22,4.29,94.38,Pending
PL0001569,PO202400272,20240915,SUP010,P000761,22,8.99,197.78,Pending
PL0001570,PO202400272,20240915,SUP010,P000745,23,5.99,137.77,Pending
PL0001571,PO202400272,20240915,SUP010,P000758,23,5.99,137.77,Pending
PL0001572,PO202400272,20240915,SUP010,P000724,23,10.99,252.77,Pending
PL0001573,PO202400272,20240915,SUP010,P000760,21,3.99,83.79,Pending
PL0001574,PO202500273,20250815,SUP016,P000323,26,2.19,56.94,Received
PL0001575,PO202500273,20250815,SUP016,P000329,23,4.29,98.67,Received
PL0001576,PO202500273,20250815,SUP016,P000289,23,4.99,114.77,Received
PL0001577,PO202500273,20250815,SUP016,P000308,22,3.99,87.78,Received
PL0001578,PO202500273,20250815,SUP016,P000313,23,7.49,172.27,Received
PL0001579,PO202400274,20241115,SUP023,P000117,22,3.59,78.98,Received
PL0001580,PO202400274,20241115,SUP023,P000124,24,5.39,129.36,Received
PL0001581,PO202400274,20241115,SUP023,P000108,22,5.19,114.18,Received
PL0001582,PO202400274,20241115,SUP023,P000092,22,14.29,314.38,Received
PL0001583,PO202400274,20241115,SUP023,P000099,23,3.39,77.97,Received
PL0001584,PO202400274,20241115,SUP023,P000112,23,4.39,100.97,Received
PL0001585,PO202400275,20240415,SUP007,P000536,25,4.49,112.25,Received
PL0001586,PO202400275,20240415,SUP007,P000494,21,3.99,83.79,Received
PL0001587,PO202400275,20240415,SUP007,P000469,24,1.69,40.56,Received
PL0001588,PO202400275,20240415,SUP007,P000487,22,5.99,131.78,Received
PL0001589,PO202500276,20250515,SUP007,P000482,22,3.99,87.78,Received
PL0001590,PO202500276,20250515,SUP007,P000474,22,1.69,37.18,Received
PL0001591,PO202500276,20250515,SUP007,P000459,21,1.79,37.59,Received
PL0001592,PO202500276,20250515,SUP007,P000538,21,3.99,83.79,Received
PL0001593,PO202500276,20250515,SUP007,P000508,23,2.49,57.27,Received
PL0001594,PO202500276,20250515,SUP007,P000564,24,4.29,102.96,Received
PL0001595,PO202500276,20250515,SUP007,P000521,25,2.19,54.75,Received
PL0001596,PO202500276,20250515,SUP007,P000544,22,2.49,54.78,Received
PL0001597,PO202500277,20250715,SUP030,P000575,30,3.49,104.7,Pending
PL0001598,PO202500277,20250715,SUP030,P000522,21,3.49,73.29,Pending
PL0001599,PO202500277,20250715,SUP030,P000479,27,1.79,48.33,Pending
PL0001600,PO202500277,20250715,SUP030,P000478,25,1.79,44.75,Pending
PL0001601,PO202500277,20250715,SUP030,P000476,22,1.69,37.18,Pending
PL0001602,PO202500278,20251015,SUP012,P000028,24,6.49,155.76,Pending
PL0001603,PO202500278,20251015,SUP012,P000069,23,5.99,137.77,Pending
PL0001604,PO202500278,20251015,SUP012,P000062,21,5.79,121.59,Pending
PL0001605,PO202500278,20251015,SUP012,P000064,24,7.49,179.76,Pending
PL0001606,PO202500278,20251015,SUP012,P000059,29,5.99,173.71,Pending
PL0001607,PO202500278,20251015,SUP012,P000011,22,3.99,87.78,Pending
PL0001608,PO202500278,20251015,SUP012,P000015,25,5.99,149.75,Pending
PL0001609,PO202400279,20240315,SUP003,P000167,25,3.49,87.25,Received
PL0001610,PO202400279,20240315,SUP003,P000194,21,1.49,31.29,Received
PL0001611,PO202400279,20240315,SUP003,P000169,22,3.29,72.38,Received
PL0001612,PO202400279,20240315,SUP003,P000145,25,2.49,62.25,Received
PL0001613,PO202400279,20240315,SUP003,P000626,22,3.99,87.78,Received
PL0001614,PO202400279,20240315,SUP003,P000179,25,2.49,62.25,Received
PL0001615,PO202400279,20240315,SUP003,P000141,23,1.19,27.37,Received
PL0001616,PO202400279,20240315,SUP003,P000157,22,5.29,116.38,Received
PL0001617,PO202400280,20240515,SUP006,P000388,27,1.19,32.13,Received
PL0001618,PO202400280,20240515,SUP006,P000381,22,0.99,21.78,Received
PL0001619,PO202400280,20240515,SUP006,P000410,23,3.49,80.27,Received
PL0001620,PO202400280,20240515,SUP006,P000363,24,2.49,59.76,Received
PL0001621,PO202400281,20240115,SUP003,P000200,24,2.29,54.96,Received
PL0001622,PO202400281,20240115,SUP003,P000166,21,1.19,24.99,Received
PL0001623,PO202400281,20240115,SUP003,P000141,22,1.19,26.18,Received
PL0001624,PO202400281,20240115,SUP003,P000635,22,4.99,109.78,Received
PL0001625,PO202400281,20240115,SUP003,P000167,23,3.49,80.27,Received
PL0001626,PO202400281,20240115,SUP003,P000158,26,2.99,77.74,Received
PL0001627,PO202500282,20251015,SUP030,P000460,25,2.29,57.25,Received
PL0001628,PO202500282,20251015,SUP030,P000585,24,5.49,131.76,Received
PL0001629,PO202500282,20251015,SUP030,P000501,24,1.49,35.76,Received
PL0001630,PO202500282,20251015,SUP030,P000526,34,3.99,135.66,Received
PL0001631,PO202500282,20251015,SUP030,P000587,29,3.49,101.21,Received
PL0001632,PO202500283,20250615,SUP030,P000463,22,3.79,83.38,Received
PL0001633,PO202500283,20250615,SUP030,P000514,26,12.99,337.74,Received
PL0001634,PO202500283,20250615,SUP030,P000554,25,2.29,57.25,Received
PL0001635,PO202500283,20250615,SUP030,P000515,21,5.49,115.29,Received
PL0001636,PO202500283,20250615,SUP030,P000492,23,6.49,149.27,Received
PL0001637,PO202500283,20250615,SUP030,P000583,21,4.99,104.79,Received
PL0001638,PO202500283,20250615,SUP030,P000517,21,6.99,146.79,Received
PL0001639,PO202400284,20240515,SUP014,P000185,22,2.49,54.78,Received
PL0001640,PO202400284,20240515,SUP014,P000170,22,2.99,65.78,Received
PL0001641,PO202400284,20240515,SUP014,P000210,22,3.99,87.78,Received
PL0001642,PO202400284,20240515,SUP014,P000134,23,0.89,20.47,Received
PL0001643,PO202400284,20240515,SUP014,P000203,24,3.29,78.96,Received
PL0001644,PO202400285,20240315,SUP006,P000370,23,2.99,68.77,Received
PL0001645,PO202400285,20240315,SUP006,P000422,24,3.29,78.96,Received
PL0001646,PO202400285,20240315,SUP006,P000444,24,1.89,45.36,Received
PL0001647,PO202400285,20240315,SUP006,P000362,21,2.49,52.29,Received
PL0001648,PO202400285,20240315,SUP006,P000425,27,3.49,94.23,Received
PL0001649,PO202400286,20240615,SUP016,P000346,21,5.49,115.29,Received
PL0001650,PO202400286,20240615,SUP016,P000323,23,2.19,50.37,Received
PL0001651,PO202400286,20240615,SUP016,P000316,26,10.99,285.74,Received
PL0001652,PO202400286,20240615,SUP016,P000280,24,2.39,57.36,Received
PL0001653,PO202400286,20240615,SUP016,P000308,21,3.99,83.79,Received
PL0001654,PO202400286,20240615,SUP016,P000314,21,7.79,163.59,Received
PL0001655,PO202400286,20240615,SUP016,P000319,26,2.99,77.74,Received
PL0001656,PO202400287,20240915,SUP023,P000112,29,4.39,127.31,Received
PL0001657,PO202400287,20240915,SUP023,P000083,23,3.29,75.67,Received
PL0001658,PO202400287,20240915,SUP023,P000123,25,4.99,124.75,Received
PL0001659,PO202400287,20240915,SUP023,P000079,21,2.89,60.69,Received
PL0001660,PO202400287,20240915,SUP023,P000108,24,5.19,124.56,Received
PL0001661,PO202500288,20250515,SUP023,P000099,24,3.39,81.36,Received
PL0001662,PO202500288,20250515,SUP023,P000091,23,13.49,310.27,Received
PL0001663,PO202500288,20250515,SUP023,P000073,26,2.39,62.14,Received
PL0001664,PO202500288,20250515,SUP023,P000124,26,5.39,140.14,Received
PL0001665,PO202500288,20250515,SUP023,P000074,23,3.29,75.67,Received
PL0001666,PO202500288,20250515,SUP023,P000103,22,3.39,74.58,Received
PL0001667,PO202500288,20250515,SUP023,P000123,21,4.99,104.79,Received
PL0001668,PO202500288,20250515,SUP023,P000108,22,5.19,114.18,Received
PL0001669,PO202400289,20240415,SUP005,P000306,23,4.79,110.17,Pending
PL0001670,PO202400289,20240415,SUP005,P000341,22,3.89,85.58,Pending
PL0001671,PO202400289,20240415,SUP005,P000272,25,2.29,57.25,Pending
PL0001672,PO202400289,20240415,SUP005,P000318,23,8.99,206.77,Pending
PL0001673,PO202400289,20240415,SUP005,P000353,21,5.99,125.79,Pending
PL0001674,PO202400289,20240415,SUP005,P000275,25,2.29,57.25,Pending
PL0001675,PO202400289,20240415,SUP005,P000328,23,5.49,126.27,Pending
PL0001676,PO202500290,20250715,SUP011,P000812,23,9.49,218.27,Received
PL0001677,PO202500290,20250715,SUP011,P000807,29,5.49,159.21,Received
PL0001678,PO202500290,20250715,SUP011,P000850,25,7.49,187.25,Received
PL0001679,PO202500290,20250715,SUP011,P000820,22,3.99,87.78,Received
PL0001680,PO202500290,20250715,SUP011,P000841,25,6.49,162.25,Received
PL0001681,PO202500290,20250715,SUP011,P000798,26,5.29,137.54,Received
PL0001682,PO202500290,20250715,SUP011,P000777,24,14.99,359.76,Received
PL0001683,PO202500290,20250715,SUP011,P000838,25,12.99,324.75,Received
PL0001684,PO202500291,20250115,SUP009,P000677,30,11.99,359.7,Received
PL0001685,PO202500291,20250115,SUP009,P000675,22,24.99,549.78,Received
PL0001686,PO202500291,20250115,SUP009,P000663,22,18.99,417.78,Received
PL0001687,PO202500291,20250115,SUP009,P000674,24,27.99,671.76,Received
PL0001688,PO202500291,20250115,SUP009,P000664,22,13.99,307.78,Received
PL0001689,PO202500291,20250115,SUP009,P000668,21,24.99,524.79,Received
PL0001690,PO202500292,20250215,SUP002,P000121,21,2.79,58.59,Received
PL0001691,PO202500292,20250215,SUP002,P000101,21,3.09,64.89,Received
PL0001692,PO202500292,20250215,SUP002,P000127,21,4.19,87.99,Received
PL0001693,PO202500292,20250215,SUP002,P000119,21,3.49,73.29,Received
PL0001694,PO202500292,20250215,SUP002,P000114,28,4.79,134.12,Received
PL0001695,PO202500293,20250615,SUP011,P000826,23,8.49,195.27,Received
PL0001696,PO202500293,20250615,SUP011,P000819,29,5.99,173.71,Received
PL0001697,PO202500293,20250615,SUP011,P000777,23,14.99,344.77,Received
PL0001698,PO202500293,20250615,SUP011,P000811,23,8.99,206.77,Received
PL0001699,PO202500293,20250615,SUP011,P000834,23,8.49,195.27,Received
PL0001700,PO202500293,20250615,SUP011,P000780,26,2.49,64.74,Received
PL0001701,PO202500293,20250615,SUP011,P000785,22,5.99,131.78,Received
PL0001702,PO202500293,20250615,SUP011,P000800,28,4.99,139.72,Received
PL0001703,PO202400294,20241215,SUP002,P000072,31,2.69,83.39,Received
PL0001704,PO202400294,20241215,SUP002,P000097,22,2.99,65.78,Received
PL0001705,PO202400294,20241215,SUP002,P000125,25,5.19,129.75,Received
PL0001706,PO202400294,20241215,SUP002,P000130,25,4.59,114.75,Received
PL0001707,PO202400294,20241215,SUP002,P000101,21,3.09,64.89,Received
PL0001708,PO202400294,20241215,SUP002,P000095,26,4.29,111.54,Received
PL0001709,PO202400294,20241215,SUP002,P000114,23,4.79,110.17,Received
PL0001710,PO202400294,20241215,SUP002,P000109,26,4.29,111.54,Received
PL0001711,PO202500295,20250915,SUP002,P000110,24,4.29,102.96,Received
PL0001712,PO202500295,20250915,SUP002,P000111,21,3.19,66.99,Received
PL0001713,PO202500295,20250915,SUP002,P000081,25,2.99,74.75,Received
PL0001714,PO202500295,20250915,SUP002,P000126,25,4.89,122.25,Received
PL0001715,PO202400296,20240915,SUP008,P000601,22,4.49,98.78,Received
PL0001716,PO202400296,20240915,SUP008,P000628,25,6.99,174.75,Received
PL0001717,PO202400296,20240915,SUP008,P000602,24,4.99,119.76,Received
PL0001718,PO202400296,20240915,SUP008,P000612,25,9.49,237.25,Received
PL0001719,PO202400297,20241115,SUP011,P000849,26,6.99,181.74,Received
PL0001720,PO202500298,20250615,SUP029,P000449,21,2.79,58.59,Pending
PL0001721,PO202500298,20250615,SUP029,P000440,23,4.29,98.67,Pending
PL0001722,PO202500298,20250615,SUP029,P000393,24,2.49,59.76,Pending
PL0001723,PO202500298,20250615,SUP029,P000411,24,3.99,95.76,Pending
PL0001724,PO202500298,20250615,SUP029,P000448,21,2.79,58.59,Pending
PL0001725,PO202500298,20250615,SUP029,P000375,23,2.99,68.77,Pending
PL0001726,PO202500298,20250615,SUP029,P000397,24,2.49,59.76,Pending
PL0001727,PO202500299,20251015,SUP010,P000736,23,4.29,98.67,Received
PL0001728,PO202500299,20251015,SUP010,P000748,25,3.49,87.25,Received
PL0001729,PO202500299,20251015,SUP010,P000747,24,4.99,119.76,Received
PL0001730,PO202500299,20251015,SUP010,P000761,26,8.99,233.74,Received
PL0001731,PO202500299,20251015,SUP010,P000768,23,2.99,68.77,Received
PL0001732,PO202500299,20251015,SUP010,P000754,28,5.99,167.72,Received
PL0001733,PO202500299,20251015,SUP010,P000743,23,5.49,126.27,Received
PL0001734,PO202500299,20251015,SUP010,P000718,21,9.99,209.79,Received
PL0001735,PO202400300,20240615,SUP009,P000650,22,13.99,307.78,Received
PL0001736,PO202400300,20240615,SUP009,P000698,22,22.99,505.78,Received
PL0001737,PO202400300,20240615,SUP009,P000684,23,5.99,137.77,Received
PL0001738,PO202400300,20240615,SUP009,P000652,24,10.99,263.76,Received
PL0001739,PO202400301,20241015,SUP005,P000273,22,2.29,50.38,Received
PL0001740,PO202400301,20241015,SUP005,P000341,22,3.89,85.58,Received
PL0001741,PO202400301,20241015,SUP005,P000354,28,3.99,111.72,Received
PL0001742,PO202400301,20241015,SUP005,P000311,27,7.99,215.73,Received
PL0001743,PO202400301,20241015,SUP005,P000351,23,2.49,57.27,Received
PL0001744,PO202500302,20251015,SUP011,P000778,23,5.99,137.77,Received
PL0001745,PO202500302,20251015,SUP011,P000831,21,8.99,188.79,Received
PL0001746,PO202500302,20251015,SUP011,P000781,21,5.49,115.29,Received
PL0001747,PO202500302,20251015,SUP011,P000795,21,4.49,94.29,Received
PL0001748,PO202500303,20251215,SUP011,P000847,21,12.99,272.79,Received
PL0001749,PO202500303,20251215,SUP011,P000842,24,5.99,143.76,Received
PL0001750,PO202500303,20251215,SUP011,P000848,21,39.99,839.79,Received
PL0001751,PO202400304,20240115,SUP023,P000090,25,12.99,324.75,Received
PL0001752,PO202400304,20240115,SUP023,P000124,22,5.39,118.58,Received
PL0001753,PO202400304,20240115,SUP023,P000092,21,14.29,300.09,Received
PL0001754,PO202400304,20240115,SUP023,P000091,25,13.49,337.25,Received
PL0001755,PO202400304,20240115,SUP023,P000107,25,4.99,124.75,Received
PL0001756,PO202400304,20240115,SUP023,P000116,22,3.49,76.78,Received
PL0001757,PO202400304,20240115,SUP023,P000074,21,3.29,69.09,Received
PL0001758,PO202500305,20250215,SUP004,P000219,24,3.49,83.76,Received
PL0001759,PO202500305,20250215,SUP004,P000217,27,5.79,156.33,Received
PL0001760,PO202500305,20250215,SUP004,P000255,24,9.29,222.96,Received
PL0001761,PO202500305,20250215,SUP004,P000240,27,6.49,175.23,Received
PL0001762,PO202500305,20250215,SUP004,P000228,23,4.99,114.77,Received
PL0001763,PO202500306,20250615,SUP030,P000526,21,3.99,83.79,Cancelled
PL0001764,PO202500306,20250615,SUP030,P000517,21,6.99,146.79,Cancelled
PL0001765,PO202500306,20250615,SUP030,P000555,23,2.29,52.67,Cancelled
PL0001766,PO202500306,20250615,SUP030,P000558,23,2.19,50.37,Cancelled
PL0001767,PO202500306,20250615,SUP030,P000575,22,3.49,76.78,Cancelled
PL0001768,PO202500306,20250615,SUP030,P000549,23,1.49,34.27,Cancelled
PL0001769,PO202500306,20250615,SUP030,P000587,23,3.49,80.27,Cancelled
PL0001770,PO202500306,20250615,SUP030,P000573,27,3.99,107.73,Cancelled
PL0001771,PO202500307,20250115,SUP016,P000338,22,3.99,87.78,Pending
PL0001772,PO202500307,20250115,SUP016,P000339,26,2.79,72.54,Pending
PL0001773,PO202500307,20250115,SUP016,P000319,24,2.99,71.76,Pending
PL0001774,PO202500307,20250115,SUP016,P000308,24,3.99,95.76,Pending
PL0001775,PO202500307,20250115,SUP016,P000323,24,2.19,52.56,Pending
PL0001776,PO202500308,20251015,SUP013,P000032,23,5.19,119.37,Pending
PL0001777,PO202500308,20251015,SUP013,P000005,21,4.99,104.79,Pending
PL0001778,PO202500308,20251015,SUP013,P000067,22,5.99,131.78,Pending
PL0001779,PO202500308,20251015,SUP013,P000006,25,5.99,149.75,Pending
PL0001780,PO202500308,20251015,SUP013,P000054,21,5.29,111.09,Pending
PL0001781,PO202500309,20250515,SUP008,P000616,21,5.29,111.09,Received
PL0001782,PO202500309,20250515,SUP008,P000591,27,4.29,115.83,Received
PL0001783,PO202500309,20250515,SUP008,P000625,23,4.29,98.67,Received
PL0001784,PO202500309,20250515,SUP008,P000603,22,5.29,116.38,Received
PL0001785,PO202500309,20250515,SUP008,P000602,25,4.99,124.75,Received
PL0001786,PO202500309,20250515,SUP008,P000614,28,5.29,148.12,Received
PL0001787,PO202500309,20250515,SUP008,P000599,22,5.99,131.78,Received
PL0001788,PO202400310,20240515,SUP010,P000719,25,3.49,87.25,Received
PL0001789,PO202400310,20240515,SUP010,P000748,22,3.49,76.78,Received
PL0001790,PO202400310,20240515,SUP010,P000768,22,2.99,65.78,Received
PL0001791,PO202400310,20240515,SUP010,P000720,26,4.49,116.74,Received
PL0001792,PO202400310,20240515,SUP010,P000730,22,5.99,131.78,Received
PL0001793,PO202400310,20240515,SUP010,P000740,26,3.49,90.74,Received
PL0001794,PO202400310,20240515,SUP010,P000766,22,6.99,153.78,Received
PL0001795,PO202400310,20240515,SUP010,P000713,21,11.99,251.79,Received
PL0001796,PO202400311,20241115,SUP003,P000148,26,4.89,127.14,Received
PL0001797,PO202400311,20241115,SUP003,P000202,26,2.29,59.54,Received
PL0001798,PO202400311,20241115,SUP003,P000627,21,3.99,83.79,Received
PL0001799,PO202400311,20241115,SUP003,P000135,24,3.79,90.96,Received
PL0001800,PO202400311,20241115,SUP003,P000190,23,1.29,29.67,Received
PL0001801,PO202400311,20241115,SUP003,P000208,23,2.49,57.27,Received
PL0001802,PO202400311,20241115,SUP003,P000145,23,2.49,57.27,Received
PL0001803,PO202400311,20241115,SUP003,P000166,21,1.19,24.99,Received
PL0001804,PO202400312,20241215,SUP011,P000849,22,6.99,153.78,Received
PL0001805,PO202500313,20250915,SUP008,P000638,21,4.49,94.29,Received
PL0001806,PO202500313,20250915,SUP008,P000614,22,5.29,116.38,Received
PL0001807,PO202500313,20250915,SUP008,P000615,23,5.49,126.27,Received
PL0001808,PO202500313,20250915,SUP008,P000628,23,6.99,160.77,Received
PL0001809,PO202500313,20250915,SUP008,P000622,23,4.79,110.17,Received
PL0001810,PO202500314,20251015,SUP010,P000728,26,4.79,124.54,Received
PL0001811,PO202500314,20251015,SUP010,P000764,23,9.99,229.77,Received
PL0001812,PO202500314,20251015,SUP010,P000755,25,5.49,137.25,Received
PL0001813,PO202500314,20251015,SUP010,P000731,22,8.99,197.78,Received
PL0001814,PO202500315,20251015,SUP008,P000614,22,5.29,116.38,Received
PL0001815,PO202500315,20251015,SUP008,P000623,23,5.49,126.27,Received
PL0001816,PO202500315,20251015,SUP008,P000634,25,4.19,104.75,Received
PL0001817,PO202500315,20251015,SUP008,P000621,23,4.99,114.77,Received
PL0001818,PO202500315,20251015,SUP008,P000624,23,5.49,126.27,Received
PL0001819,PO202500315,20251015,SUP008,P000637,22,4.29,94.38,Received
PL0001820,PO202500316,20250715,SUP010,P000725,23,8.49,195.27,Received
PL0001821,PO202500316,20250715,SUP010,P000764,22,9.99,219.78,Received
PL0001822,PO202500316,20250715,SUP010,P000723,22,9.99,219.78,Received
PL0001823,PO202500316,20250715,SUP010,P000734,23,4.99,114.77,Received
PL0001824,PO202500316,20250715,SUP010,P000745,22,5.99,131.78,Received
PL0001825,PO202500316,20250715,SUP010,P000718,22,9.99,219.78,Received
PL0001826,PO202500316,20250715,SUP010,P000747,28,4.99,139.72,Received
PL0001827,PO202400317,20241015,SUP005,P000347,27,2.49,67.23,Received
PL0001828,PO202400317,20241015,SUP005,P000292,22,2.49,54.78,Received
PL0001829,PO202400317,20241015,SUP005,P000354,28,3.99,111.72,Received
PL0001830,PO202400317,20241015,SUP005,P000357,26,5.99,155.74,Received
PL0001831,PO202400317,20241015,SUP005,P000351,23,2.49,57.27,Received
PL0001832,PO202400317,20241015,SUP005,P000322,22,2.49,54.78,Received
PL0001833,PO202400317,20241015,SUP005,P000353,26,5.99,155.74,Received
PL0001834,PO202400318,20241215,SUP007,P000471,24,1.69,40.56,Received
PL0001835,PO202400318,20241215,SUP007,P000468,22,1.49,32.78,Received
PL0001836,PO202400318,20241215,SUP007,P000513,23,7.49,172.27,Received
PL0001837,PO202400318,20241215,SUP007,P000493,23,8.49,195.27,Received
PL0001838,PO202500319,20251115,SUP010,P000765,23,8.99,206.77,Received
PL0001839,PO202500319,20251115,SUP010,P000767,25,5.99,149.75,Received
PL0001840,PO202500319,20251115,SUP010,P000756,23,7.49,172.27,Received
PL0001841,PO202500319,20251115,SUP010,P000768,22,2.99,65.78,Received
PL0001842,PO202500319,20251115,SUP010,P000728,21,4.79,100.59,Received
PL0001843,PO202500320,20250715,SUP003,P000179,25,2.49,62.25,Received
PL0001844,PO202500320,20250715,SUP003,P000159,28,3.49,97.72,Received
PL0001845,PO202500320,20250715,SUP003,P000177,24,1.79,42.96,Received
PL0001846,PO202500320,20250715,SUP003,P000143,23,2.49,57.27,Received
PL0001847,PO202500320,20250715,SUP003,P000145,25,2.49,62.25,Received
PL0001848,PO202400321,20240615,SUP012,P000024,23,5.49,126.27,Received
PL0001849,PO202400321,20240615,SUP012,P000004,32,5.29,169.28,Received
PL0001850,PO202400321,20240615,SUP012,P000059,22,5.99,131.78,Received
PL0001851,PO202400321,20240615,SUP012,P000015,26,5.99,155.74,Received
PL0001852,PO202400321,20240615,SUP012,P000027,23,6.29,144.67,Received
PL0001853,PO202400321,20240615,SUP012,P000064,25,7.49,187.25,Received
PL0001854,PO202400321,20240615,SUP012,P000009,21,3.49,73.29,Received
PL0001855,PO202500322,20251215,SUP016,P000300,25,2.69,67.25,Pending
PL0001856,PO202500322,20251215,SUP016,P000294,21,1.99,41.79,Pending
PL0001857,PO202500322,20251215,SUP016,P000286,22,5.49,120.78,Pending
PL0001858,PO202500322,20251215,SUP016,P000310,21,3.89,81.69,Pending
PL0001859,PO202500322,20251215,SUP016,P000345,28,5.49,153.72,Pending
PL0001860,PO202500322,20251215,SUP016,P000298,26,2.19,56.94,Pending
PL0001861,PO202500322,20251215,SUP016,P000334,22,3.29,72.38,Pending
PL0001862,PO202500323,20250215,SUP005,P000342,25,3.89,97.25,Received
PL0001863,PO202500323,20250215,SUP005,P000311,26,7.99,207.74,Received
PL0001864,PO202500323,20250215,SUP005,P000290,26,4.99,129.74,Received
PL0001865,PO202500323,20250215,SUP005,P000336,21,2.49,52.29,Received
PL0001866,PO202500324,20250915,SUP002,P000106,21,3.89,81.69,Received
PL0001867,PO202500324,20250915,SUP002,P000093,30,3.99,119.7,Received
PL0001868,PO202500324,20250915,SUP002,P000102,23,3.19,73.37,Received
PL0001869,PO202500324,20250915,SUP002,P000080,23,2.99,68.77,Received
PL0001870,PO202400325,20240615,SUP013,P000050,21,5.49,115.29,Received
PL0001871,PO202400325,20240615,SUP013,P000065,23,7.29,167.67,Received
PL0001872,PO202400325,20240615,SUP013,P000036,23,4.29,98.67,Received
PL0001873,PO202400325,20240615,SUP013,P000066,24,5.29,126.96,Received
PL0001874,PO202500326,20250415,SUP002,P000080,24,2.99,71.76,Received
PL0001875,PO202500326,20250415,SUP002,P000084,23,4.49,103.27,Received
PL0001876,PO202500326,20250415,SUP002,P000120,21,3.99,83.79,Received
PL0001877,PO202500326,20250415,SUP002,P000106,23,3.89,89.47,Received
PL0001878,PO202500326,20250415,SUP002,P000072,23,2.69,61.87,Received
PL0001879,PO202500326,20250415,SUP002,P000122,25,3.69,92.25,Received
PL0001880,PO202500326,20250415,SUP002,P000102,23,3.19,73.37,Received
PL0001881,PO202500326,20250415,SUP002,P000089,22,4.49,98.78,Received
PL0001882,PO202400327,20240715,SUP014,P000151,22,3.49,76.78,Received
PL0001883,PO202400327,20240715,SUP014,P000187,25,2.89,72.25,Received
PL0001884,PO202400327,20240715,SUP014,P000150,21,1.19,24.99,Received
PL0001885,PO202400327,20240715,SUP014,P000155,21,4.99,104.79,Received
PL0001886,PO202400327,20240715,SUP014,P000207,23,3.29,75.67,Received
PL0001887,PO202400327,20240715,SUP014,P000147,22,4.39,96.58,Received
PL0001888,PO202400327,20240715,SUP014,P000156,30,5.49,164.7,Received
PL0001889,PO202400327,20240715,SUP014,P000149,21,0.99,20.79,Received
PL0001890,PO202400328,20240615,SUP030,P000518,22,5.99,131.78,Received
PL0001891,PO202400328,20240615,SUP030,P000470,25,1.99,49.75,Received
PL0001892,PO202400328,20240615,SUP030,P000506,22,3.69,81.18,Received
PL0001893,PO202400328,20240615,SUP030,P000585,21,5.49,115.29,Received
PL0001894,PO202400328,20240615,SUP030,P000464,25,3.99,99.75,Received
PL0001895,PO202400329,20240215,SUP030,P000572,28,2.49,69.72,Received
PL0001896,PO202400329,20240215,SUP030,P000556,23,4.99,114.77,Received
PL0001897,PO202400329,20240215,SUP030,P000489,25,3.99,99.75,Received
PL0001898,PO202400329,20240215,SUP030,P000526,22,3.99,87.78,Received
PL0001899,PO202400329,20240215,SUP030,P000470,22,1.99,43.78,Received
PL0001900,PO202400329,20240215,SUP030,P000577,27,4.99,134.73,Received
PL0001901,PO202500330,20250915,SUP030,P000476,23,1.69,38.87,Received
PL0001902,PO202500330,20250915,SUP030,P000543,26,0.99,25.74,Received
PL0001903,PO202500330,20250915,SUP030,P000548,26,3.99,103.74,Received
PL0001904,PO202500330,20250915,SUP030,P000559,25,1.89,47.25,Received
PL0001905,PO202500331,20250215,SUP010,P000712,26,13.49,350.74,Received
PL0001906,PO202500331,20250215,SUP010,P000715,23,14.49,333.27,Received
PL0001907,PO202500331,20250215,SUP010,P000730,23,5.99,137.77,Received
PL0001908,PO202500331,20250215,SUP010,P000766,23,6.99,160.77,Received
PL0001909,PO202500331,20250215,SUP010,P000763,25,9.99,249.75,Received
PL0001910,PO202500331,20250215,SUP010,P000732,23,7.99,183.77,Received
PL0001911,PO202500331,20250215,SUP010,P000762,24,2.99,71.76,Received
PL0001912,PO202400332,20240915,SUP001,P000053,25,3.49,87.25,Pending
PL0001913,PO202400332,20240915,SUP001,P000007,21,2.79,58.59,Pending
PL0001914,PO202400332,20240915,SUP001,P000001,25,5.49,137.25,Pending
PL0001915,PO202400332,20240915,SUP001,P000631,23,8.49,195.27,Pending
PL0001916,PO202400332,20240915,SUP001,P000013,27,5.49,148.23,Pending
PL0001917,PO202400332,20240915,SUP001,P000003,24,5.19,124.56,Pending
PL0001918,PO202400332,20240915,SUP001,P000607,27,4.99,134.73,Pending
PL0001919,PO202400332,20240915,SUP001,P000606,24,5.79,138.96,Pending
PL0001920,PO202500333,20250515,SUP016,P000338,21,3.99,83.79,Received
PL0001921,PO202500333,20250515,SUP016,P000287,23,5.49,126.27,Received
PL0001922,PO202500333,20250515,SUP016,P000330,26,3.49,90.74,Received
PL0001923,PO202500333,20250515,SUP016,P000335,24,3.29,78.96,Received
PL0001924,PO202500333,20250515,SUP016,P000313,28,7.49,209.72,Received
PL0001925,PO202500333,20250515,SUP016,P000323,21,2.19,45.99,Received
PL0001926,PO202400334,20240415,SUP010,P000749,22,5.99,131.78,Received
PL0001927,PO202400334,20240415,SUP010,P000736,22,4.29,94.38,Received
PL0001928,PO202400334,20240415,SUP010,P000734,24,4.99,119.76,Received
PL0001929,PO202400334,20240415,SUP010,P000765,24,8.99,215.76,Received
PL0001930,PO202400334,20240415,SUP010,P000747,27,4.99,134.73,Received
PL0001931,PO202400334,20240415,SUP010,P000767,22,5.99,131.78,Received
PL0001932,PO202400334,20240415,SUP010,P000735,22,4.29,94.38,Received
PL0001933,PO202500335,20250715,SUP010,P000745,22,5.99,131.78,Received
PL0001934,PO202500335,20250715,SUP010,P000769,29,4.99,144.71,Received
PL0001935,PO202500335,20250715,SUP010,P000724,28,10.99,307.72,Received
PL0001936,PO202500335,20250715,SUP010,P000717,22,7.99,175.78,Received
PL0001937,PO202500335,20250715,SUP010,P000770,21,8.99,188.79,Received
PL0001938,PO202400336,20240615,SUP013,P000031,23,4.99,114.77,Received
PL0001939,PO202400336,20240615,SUP013,P000039,31,4.39,136.09,Received
PL0001940,PO202400336,20240615,SUP013,P000051,22,5.69,125.18,Received
PL0001941,PO202400336,20240615,SUP013,P000065,23,7.29,167.67,Received
PL0001942,PO202500337,20250815,SUP005,P000359,27,5.99,161.73,Received
PL0001943,PO202500337,20250815,SUP005,P000305,28,4.29,120.12,Received
PL0001944,PO202500337,20250815,SUP005,P000360,24,5.99,143.76,Received
PL0001945,PO202500337,20250815,SUP005,P000291,23,1.89,43.47,Received
PL0001946,PO202500337,20250815,SUP005,P000284,27,2.29,61.83,Received
PL0001947,PO202500337,20250815,SUP005,P000318,22,8.99,197.78,Received
PL0001948,PO202500337,20250815,SUP005,P000328,23,5.49,126.27,Received
PL0001949,PO202500338,20250515,SUP003,P000200,29,2.29,66.41,Received
PL0001950,PO202500338,20250515,SUP003,P000179,21,2.49,52.29,Received
PL0001951,PO202500338,20250515,SUP003,P000202,29,2.29,66.41,Received
PL0001952,PO202500338,20250515,SUP003,P000135,26,3.79,98.54,Received
PL0001953,PO202500338,20250515,SUP003,P000197,24,1.79,42.96,Received
PL0001954,PO202500338,20250515,SUP003,P000165,22,0.99,21.78,Received
PL0001955,PO202500338,20250515,SUP003,P000173,21,3.29,69.09,Received
PL0001956,PO202400339,20240415,SUP016,P000321,25,3.29,82.25,Pending
PL0001957,PO202400339,20240415,SUP016,P000317,23,11.49,264.27,Pending
PL0001958,PO202400339,20240415,SUP016,P000320,21,2.99,62.79,Pending
PL0001959,PO202400339,20240415,SUP016,P000293,22,1.99,43.78,Pending
PL0001960,PO202400339,20240415,SUP016,P000319,24,2.99,71.76,Pending
PL0001961,PO202400339,20240415,SUP016,P000310,26,3.89,101.14,Pending
PL0001962,PO202400339,20240415,SUP016,P000277,24,2.29,54.96,Pending
PL0001963,PO202400340,20241115,SUP029,P000430,23,1.49,34.27,Received
PL0001964,PO202400340,20241115,SUP029,P000415,23,1.99,45.77,Received
PL0001965,PO202400340,20241115,SUP029,P000380,21,4.49,94.29,Received
PL0001966,PO202400340,20241115,SUP029,P000403,24,8.79,210.96,Received
PL0001967,PO202400340,20241115,SUP029,P000393,23,2.49,57.27,Received
PL0001968,PO202400340,20241115,SUP029,P000368,24,2.59,62.16,Received
PL0001969,PO202500341,20250215,SUP012,P000020,27,6.79,183.33,Received
PL0001970,PO202500341,20250215,SUP012,P000061,26,5.99,155.74,Received
PL0001971,PO202500341,20250215,SUP012,P000011,21,3.99,83.79,Received
PL0001972,PO202500341,20250215,SUP012,P000063,29,5.99,173.71,Received
PL0001973,PO202500341,20250215,SUP012,P000059,22,5.99,131.78,Received
PL0001974,PO202500341,20250215,SUP012,P000029,24,6.29,150.96,Received
PL0001975,PO202500341,20250215,SUP012,P000021,21,6.99,146.79,Received
PL0001976,PO202500341,20250215,SUP012,P000062,23,5.79,133.17,Received
PL0001977,PO202400342,20240815,SUP002,P000089,21,4.49,94.29,Received
PL0001978,PO202400342,20240815,SUP002,P000114,23,4.79,110.17,Received
PL0001979,PO202400342,20240815,SUP002,P000109,25,4.29,107.25,Received
PL0001980,PO202400342,20240815,SUP002,P000094,23,4.19,96.37,Received
PL0001981,PO202400342,20240815,SUP002,P000130,23,4.59,105.57,Received
PL0001982,PO202400342,20240815,SUP002,P000111,26,3.19,82.94,Received
PL0001983,PO202400342,20240815,SUP002,P000080,23,2.99,68.77,Received
PL0001984,PO202500343,20250515,SUP016,P000358,28,5.99,167.72,Received
PL0001985,PO202500343,20250515,SUP016,P000333,31,3.29,101.99,Received
PL0001986,PO202500343,20250515,SUP016,P000324,23,2.19,50.37,Received
PL0001987,PO202500343,20250515,SUP016,P000317,23,11.49,264.27,Received
PL0001988,PO202500343,20250515,SUP016,P000346,25,5.49,137.25,Received
PL0001989,PO202500343,20250515,SUP016,P000352,28,1.79,50.12,Received
PL0001990,PO202500343,20250515,SUP016,P000301,30,2.69,80.7,Received
PL0001991,PO202400344,20241115,SUP012,P000030,25,5.99,149.75,Pending
PL0001992,PO202400344,20241115,SUP012,P000018,22,6.99,153.78,Pending
PL0001993,PO202400344,20241115,SUP012,P000060,23,6.49,149.27,Pending
PL0001994,PO202400344,20241115,SUP012,P000025,25,5.69,142.25,Pending
PL0001995,PO202400344,20241115,SUP012,P000058,24,7.29,174.96,Pending
PL0001996,PO202400344,20241115,SUP012,P000026,25,5.69,142.25,Pending
PL0001997,PO202500345,20250615,SUP013,P000067,22,5.99,131.78,Received
PL0001998,PO202500345,20250615,SUP013,P000054,22,5.29,116.38,Received
PL0001999,PO202500345,20250615,SUP013,P000006,27,5.99,161.73,Received
PL0002000,PO202500345,20250615,SUP013,P000050,22,5.49,120.78,Received
PL0002001,PO202500345,20250615,SUP013,P000032,26,5.19,134.94,Received
PL0002002,PO202500345,20250615,SUP013,P000040,27,4.39,118.53,Received
PL0002003,PO202500345,20250615,SUP013,P000037,22,4.29,94.38,Received
PL0002004,PO202500346,20250415,SUP003,P000202,22,2.29,50.38,Pending
PL0002005,PO202500346,20250415,SUP003,P000208,22,2.49,54.78,Pending
PL0002006,PO202500346,20250415,SUP003,P000190,30,1.29,38.7,Pending
PL0002007,PO202500346,20250415,SUP003,P000627,26,3.99,103.74,Pending
PL0002008,PO202500346,20250415,SUP003,P000639,22,9.99,219.78,Pending
PL0002009,PO202500346,20250415,SUP003,P000132,21,0.79,16.59,Pending
PL0002010,PO202500346,20250415,SUP003,P000184,23,3.99,91.77,Pending
PL0002011,PO202400347,20240415,SUP006,P000383,21,0.99,20.79,Pending
PL0002012,PO202400347,20240415,SUP006,P000402,22,8.99,197.78,Pending
PL0002013,PO202400347,20240415,SUP006,P000441,23,3.99,91.77,Pending
PL0002014,PO202400347,20240415,SUP006,P000409,27,3.49,94.23,Pending
PL0002015,PO202400347,20240415,SUP006,P000443,23,3.69,84.87,Pending
PL0002016,PO202400347,20240415,SUP006,P000373,23,2.49,57.27,Pending
PL0002017,PO202400348,20240815,SUP002,P000080,23,2.99,68.77,Received
PL0002018,PO202400348,20240815,SUP002,P000072,21,2.69,56.49,Received
PL0002019,PO202400348,20240815,SUP002,P000111,26,3.19,82.94,Received
PL0002020,PO202400348,20240815,SUP002,P000127,26,4.19,108.94,Received
PL0002021,PO202400348,20240815,SUP002,P000089,21,4.49,94.29,Received
PL0002022,PO202400348,20240815,SUP002,P000096,26,2.99,77.74,Received
PL0002023,PO202400348,20240815,SUP002,P000114,23,4.79,110.17,Received
PL0002024,PO202500349,20251115,SUP009,P000673,22,8.99,197.78,Received
PL0002025,PO202500349,20251115,SUP009,P000669,26,10.99,285.74,Received
PL0002026,PO202500349,20251115,SUP009,P000663,23,18.99,436.77,Received
PL0002027,PO202500349,20251115,SUP009,P000668,23,24.99,574.77,Received
PL0002028,PO202500349,20251115,SUP009,P000665,26,16.99,441.74,Received
PL0002029,PO202500349,20251115,SUP009,P000677,23,11.99,275.77,Received
PL0002030,PO202500349,20251115,SUP009,P000666,22,17.49,384.78,Received
PL0002031,PO202500349,20251115,SUP009,P000667,23,29.99,689.77,Received
PL0002032,PO202400350,20240815,SUP002,P000095,21,4.29,90.09,Received
PL0002033,PO202400350,20240815,SUP002,P000115,21,4.49,94.29,Received
PL0002034,PO202400350,20240815,SUP002,P000072,21,2.69,56.49,Received
PL0002035,PO202400350,20240815,SUP002,P000125,22,5.19,114.18,Received
PL0002036,PO202400351,20240415,SUP008,P000637,25,4.29,107.25,Received
PL0002037,PO202400351,20240415,SUP008,P000598,28,4.49,125.72,Received
PL0002038,PO202400351,20240415,SUP008,P000634,23,4.19,96.37,Received
PL0002039,PO202400351,20240415,SUP008,P000614,28,5.29,148.12,Received
PL0002040,PO202400351,20240415,SUP008,P000624,23,5.49,126.27,Received
PL0002041,PO202400351,20240415,SUP008,P000633,22,3.99,87.78,Received
PL0002042,PO202400352,20240215,SUP016,P000324,21,2.19,45.99,Received
PL0002043,PO202400352,20240215,SUP016,P000323,23,2.19,50.37,Received
PL0002044,PO202400352,20240215,SUP016,P000278,21,2.29,48.09,Received
PL0002045,PO202400352,20240215,SUP016,P000358,22,5.99,131.78,Received
PL0002046,PO202400352,20240215,SUP016,P000280,23,2.39,54.97,Received
PL0002047,PO202400352,20240215,SUP016,P000298,23,2.19,50.37,Received
PL0002048,PO202400352,20240215,SUP016,P000300,26,2.69,69.94,Received
PL0002049,PO202500353,20250815,SUP008,P000611,21,8.99,188.79,Received
PL0002050,PO202500353,20250815,SUP008,P000593,24,4.69,112.56,Received
PL0002051,PO202500353,20250815,SUP008,P000599,22,5.99,131.78,Received
PL0002052,PO202500353,20250815,SUP008,P000597,22,5.49,120.78,Received
PL0002053,PO202500353,20250815,SUP008,P000622,22,4.79,105.38,Received
PL0002054,PO202500353,20250815,SUP008,P000632,25,7.99,199.75,Received
PL0002055,PO202400354,20240715,SUP001,P000605,26,5.49,142.74,Pending
PL0002056,PO202400354,20240715,SUP001,P000007,22,2.79,61.38,Pending
PL0002057,PO202400354,20240715,SUP001,P000008,22,2.79,61.38,Pending
PL0002058,PO202400354,20240715,SUP001,P000607,25,4.99,124.75,Pending
PL0002059,PO202400354,20240715,SUP001,P000002,23,5.29,121.67,Pending
PL0002060,PO202400354,20240715,SUP001,P000046,24,2.99,71.76,Pending
PL0002061,PO202400355,20241115,SUP010,P000763,29,9.99,289.71,Received
PL0002062,PO202400355,20241115,SUP010,P000744,25,3.99,99.75,Received
PL0002063,PO202400355,20241115,SUP010,P000751,23,5.49,126.27,Received
PL0002064,PO202400355,20241115,SUP010,P000720,27,4.49,121.23,Received
PL0002065,PO202500356,20250115,SUP014,P000185,27,2.49,67.23,Received
PL0002066,PO202500356,20250115,SUP014,P000205,25,2.49,62.25,Received
PL0002067,PO202500356,20250115,SUP014,P000201,22,2.19,48.18,Received
PL0002068,PO202500356,20250115,SUP014,P000209,23,2.49,57.27,Received
PL0002069,PO202500356,20250115,SUP014,P000171,21,1.69,35.49,Received
PL0002070,PO202500356,20250115,SUP014,P000199,28,2.99,83.72,Received
PL0002071,PO202500356,20250115,SUP014,P000164,21,5.29,111.09,Received
PL0002072,PO202500356,20250115,SUP014,P000149,24,0.99,23.76,Received
PL0002073,PO202400357,20240415,SUP014,P000209,21,2.49,52.29,Received
PL0002074,PO202400357,20240415,SUP014,P000152,22,4.29,94.38,Received
PL0002075,PO202400357,20240415,SUP014,P000153,27,3.99,107.73,Received
PL0002076,PO202400357,20240415,SUP014,P000199,25,2.99,74.75,Received
PL0002077,PO202400357,20240415,SUP014,P000140,23,1.69,38.87,Received
PL0002078,PO202400357,20240415,SUP014,P000144,23,1.39,31.97,Received
PL0002079,PO202500358,20251215,SUP002,P000100,23,4.19,96.37,Received
PL0002080,PO202500358,20251215,SUP002,P000075,25,3.49,87.25,Received
PL0002081,PO202500358,20251215,SUP002,P000095,27,4.29,115.83,Received
PL0002082,PO202500358,20251215,SUP002,P000072,25,2.69,67.25,Received
PL0002083,PO202500358,20251215,SUP002,P000076,22,3.99,87.78,Received
PL0002084,PO202400359,20241215,SUP023,P000099,23,3.39,77.97,Received
PL0002085,PO202400359,20241215,SUP023,P000092,29,14.29,414.41,Received
PL0002086,PO202400359,20241215,SUP023,P000107,22,4.99,109.78,Received
PL0002087,PO202400359,20241215,SUP023,P000074,30,3.29,98.7,Received
PL0002088,PO202400359,20241215,SUP023,P000117,24,3.59,86.16,Received
PL0002089,PO202400359,20241215,SUP023,P000116,27,3.49,94.23,Received
PL0002090,PO202400360,20240815,SUP006,P000388,24,1.19,28.56,Received
PL0002091,PO202400360,20240815,SUP006,P000422,24,3.29,78.96,Received
PL0002092,PO202400360,20240815,SUP006,P000376,23,2.99,68.77,Received
PL0002093,PO202400360,20240815,SUP006,P000404,24,2.99,71.76,Received
PL0002094,PO202400361,20240515,SUP011,P000847,21,12.99,272.79,Received
PL0002095,PO202400361,20240515,SUP011,P000848,22,39.99,879.78,Received
PL0002096,PO202400361,20240515,SUP011,P000842,23,5.99,137.77,Received
PL0002097,PO202400362,20241115,SUP008,P000593,21,4.69,98.49,Received
PL0002098,PO202400362,20241115,SUP008,P000625,22,4.29,94.38,Received
PL0002099,PO202400362,20241115,SUP008,P000597,31,5.49,170.19,Received
PL0002100,PO202400362,20241115,SUP008,P000621,23,4.99,114.77,Received
PL0002101,PO202400362,20241115,SUP008,P000591,23,4.29,98.67,Received
PL0002102,PO202400362,20241115,SUP008,P000632,23,7.99,183.77,Received
PL0002103,PO202400362,20241115,SUP008,P000638,22,4.49,98.78,Received
PL0002104,PO202400363,20241015,SUP013,P000065,22,7.29,160.38,Received
PL0002105,PO202400363,20241015,SUP013,P000067,22,5.99,131.78,Received
PL0002106,PO202400363,20241015,SUP013,P000051,23,5.69,130.87,Received
PL0002107,PO202400363,20241015,SUP013,P000050,22,5.49,120.78,Received
PL0002108,PO202400364,20240615,SUP004,P000236,22,5.99,131.78,Received
PL0002109,PO202400364,20240615,SUP004,P000249,23,8.49,195.27,Received
PL0002110,PO202400364,20240615,SUP004,P000270,26,6.49,168.74,Received
PL0002111,PO202400364,20240615,SUP004,P000267,26,4.29,111.54,Received
PL0002112,PO202400364,20240615,SUP004,P000233,22,6.29,138.38,Received
PL0002113,PO202500365,20250215,SUP002,P000115,22,4.49,98.78,Received
PL0002114,PO202500365,20250215,SUP002,P000101,21,3.09,64.89,Received
PL0002115,PO202500365,20250215,SUP002,P000078,25,2.49,62.25,Received
PL0002116,PO202500365,20250215,SUP002,P000119,21,3.49,73.29,Received
PL0002117,PO202500365,20250215,SUP002,P000114,28,4.79,134.12,Received
PL0002118,PO202500366,20251015,SUP004,P000268,24,4.29,102.96,Received
PL0002119,PO202500366,20251015,SUP004,P000224,21,3.99,83.79,Received
PL0002120,PO202500366,20251015,SUP004,P000267,21,4.29,90.09,Received
PL0002121,PO202500366,20251015,SUP004,P000216,22,6.79,149.38,Received
PL0002122,PO202500366,20251015,SUP004,P000226,21,3.99,83.79,Received
PL0002123,PO202500366,20251015,SUP004,P000248,26,6.49,168.74,Received
PL0002124,PO202500366,20251015,SUP004,P000269,25,4.49,112.25,Received
PL0002125,PO202400367,20240915,SUP010,P000756,23,7.49,172.27,Received
PL0002126,PO202400367,20240915,SUP010,P000759,22,4.99,109.78,Received
PL0002127,PO202400367,20240915,SUP010,P000752,22,6.49,142.78,Received
PL0002128,PO202400367,20240915,SUP010,P000718,26,9.99,259.74,Received
PL0002129,PO202400367,20240915,SUP010,P000766,29,6.99,202.71,Received
PL0002130,PO202400367,20240915,SUP010,P000726,23,3.99,91.77,Received
PL0002131,PO202400368,20240815,SUP009,P000709,25,11.99,299.75,Received
PL0002132,PO202400368,20240815,SUP009,P000683,23,7.29,167.67,Received
PL0002133,PO202400368,20240815,SUP009,P000649,23,26.99,620.77,Received
PL0002134,PO202400368,20240815,SUP009,P000692,26,11.49,298.74,Received
PL0002135,PO202500369,20250315,SUP012,P000020,21,6.79,142.59,Received
PL0002136,PO202500369,20250315,SUP012,P000019,23,5.99,137.77,Received
PL0002137,PO202500369,20250315,SUP012,P000015,22,5.99,131.78,Received
PL0002138,PO202500369,20250315,SUP012,P000027,29,6.29,182.41,Received
PL0002139,PO202500369,20250315,SUP012,P000026,23,5.69,130.87,Received
PL0002140,PO202500370,20250615,SUP011,P000849,23,6.99,160.77,Received
PL0002141,PO202400371,20240415,SUP008,P000596,26,4.99,129.74,Received
PL0002142,PO202400371,20240415,SUP008,P000616,23,5.29,121.67,Received
PL0002143,PO202400371,20240415,SUP008,P000612,26,9.49,246.74,Received
PL0002144,PO202400371,20240415,SUP008,P000594,22,5.29,116.38,Received
PL0002145,PO202400371,20240415,SUP008,P000628,25,6.99,174.75,Received
PL0002146,PO202500372,20251215,SUP008,P000619,22,6.99,153.78,Pending
PL0002147,PO202500372,20251215,SUP008,P000629,23,7.49,172.27,Pending
PL0002148,PO202500372,20251215,SUP008,P000595,22,4.69,103.18,Pending
PL0002149,PO202500372,20251215,SUP008,P000628,22,6.99,153.78,Pending
PL0002150,PO202500373,20250115,SUP007,P000562,22,1.49,32.78,Received
PL0002151,PO202500373,20250115,SUP007,P000472,26,1.69,43.94,Received
PL0002152,PO202500373,20250115,SUP007,P000496,23,5.29,121.67,Received
PL0002153,PO202500373,20250115,SUP007,P000487,22,5.99,131.78,Received
PL0002154,PO202500373,20250115,SUP007,P000520,21,2.29,48.09,Received
PL0002155,PO202500373,20250115,SUP007,P000488,21,5.99,125.79,Received
PL0002156,PO202500373,20250115,SUP007,P000451,22,10.99,241.78,Received
PL0002157,PO202500374,20250215,SUP029,P000403,22,8.79,193.38,Received
PL0002158,PO202500374,20250215,SUP029,P000430,22,1.49,32.78,Received
PL0002159,PO202500374,20250215,SUP029,P000423,23,2.99,68.77,Received
PL0002160,PO202500374,20250215,SUP029,P000406,23,3.49,80.27,Received
PL0002161,PO202400375,20240615,SUP010,P000729,32,4.29,137.28,Received
PL0002162,PO202400375,20240615,SUP010,P000763,21,9.99,209.79,Received
PL0002163,PO202400375,20240615,SUP010,P000715,26,14.49,376.74,Received
PL0002164,PO202400375,20240615,SUP010,P000744,26,3.99,103.74,Received
PL0002165,PO202400375,20240615,SUP010,P000731,22,8.99,197.78,Received
PL0002166,PO202400375,20240615,SUP010,P000759,24,4.99,119.76,Received
PL0002167,PO202400375,20240615,SUP010,P000742,23,6.99,160.77,Received
PL0002168,PO202400375,20240615,SUP010,P000716,23,8.99,206.77,Received
PL0002169,PO202400376,20240715,SUP011,P000815,22,9.99,219.78,Received
PL0002170,PO202400376,20240715,SUP011,P000824,22,2.99,65.78,Received
PL0002171,PO202400376,20240715,SUP011,P000821,24,3.49,83.76,Received
PL0002172,PO202400376,20240715,SUP011,P000816,21,11.49,241.29,Received
PL0002173,PO202400376,20240715,SUP011,P000777,22,14.99,329.78,Received
PL0002174,PO202400376,20240715,SUP011,P000794,24,3.99,95.76,Received
PL0002175,PO202400376,20240715,SUP011,P000786,23,6.29,144.67,Received
PL0002176,PO202400376,20240715,SUP011,P000809,22,2.99,65.78,Received
PL0002177,PO202400377,20240615,SUP006,P000369,23,2.99,68.77,Received
PL0002178,PO202400377,20240615,SUP006,P000381,26,0.99,25.74,Received
PL0002179,PO202400377,20240615,SUP006,P000425,23,3.49,80.27,Received
PL0002180,PO202400377,20240615,SUP006,P000419,23,3.49,80.27,Received
PL0002181,PO202400377,20240615,SUP006,P000384,30,0.99,29.7,Received
PL0002182,PO202400377,20240615,SUP006,P000414,22,1.89,41.58,Received
PL0002183,PO202400377,20240615,SUP006,P000431,26,1.49,38.74,Received
PL0002184,PO202400378,20240315,SUP002,P000101,22,3.09,67.98,Received
PL0002185,PO202400378,20240315,SUP002,P000081,21,2.99,62.79,Received
PL0002186,PO202400378,20240315,SUP002,P000126,22,4.89,107.58,Received
PL0002187,PO202400378,20240315,SUP002,P000077,21,2.49,52.29,Received
PL0002188,PO202400378,20240315,SUP002,P000113,21,4.59,96.39,Received
PL0002189,PO202400378,20240315,SUP002,P000129,27,4.49,121.23,Received
PL0002190,PO202400378,20240315,SUP002,P000102,29,3.19,92.51,Received
PL0002191,PO202500379,20250815,SUP005,P000274,22,2.29,50.38,Received
PL0002192,PO202500379,20250815,SUP005,P000353,24,5.99,143.76,Received
PL0002193,PO202500379,20250815,SUP005,P000322,21,2.49,52.29,Received
PL0002194,PO202500379,20250815,SUP005,P000349,29,1.69,49.01,Received
PL0002195,PO202500379,20250815,SUP005,P000285,22,2.49,54.78,Received
PL0002196,PO202400380,20240715,SUP029,P000434,25,1.19,29.75,Cancelled
PL0002197,PO202400380,20240715,SUP029,P000438,21,2.99,62.79,Cancelled
PL0002198,PO202400380,20240715,SUP029,P000430,26,1.49,38.74,Cancelled
PL0002199,PO202400380,20240715,SUP029,P000398,21,2.49,52.29,Cancelled
PL0002200,PO202400380,20240715,SUP029,P000433,23,1.19,27.37,Cancelled
PL0002201,PO202400380,20240715,SUP029,P000365,25,2.69,67.25,Cancelled
PL0002202,PO202400380,20240715,SUP029,P000406,21,3.49,73.29,Cancelled
PL0002203,PO202400380,20240715,SUP029,P000439,25,5.49,137.25,Cancelled
PL0002204,PO202500381,20250515,SUP012,P000026,28,5.69,159.32,Received
PL0002205,PO202500381,20250515,SUP012,P000015,27,5.99,161.73,Received
PL0002206,PO202500381,20250515,SUP012,P000059,26,5.99,155.74,Received
PL0002207,PO202500381,20250515,SUP012,P000064,25,7.49,187.25,Received
PL0002208,PO202400382,20240415,SUP001,P000014,21,3.99,83.79,Received
PL0002209,PO202400382,20240415,SUP001,P000631,27,8.49,229.23,Received
PL0002210,PO202400382,20240415,SUP001,P000045,21,2.99,62.79,Received
PL0002211,PO202400382,20240415,SUP001,P000007,30,2.79,83.7,Received
PL0002212,PO202400382,20240415,SUP001,P000002,24,5.29,126.96,Received
PL0002213,PO202500383,20250515,SUP011,P000806,23,5.49,126.27,Received
PL0002214,PO202500383,20250515,SUP011,P000773,30,5.99,179.7,Received
PL0002215,PO202500383,20250515,SUP011,P000839,21,9.99,209.79,Received
PL0002216,PO202500383,20250515,SUP011,P000780,22,2.49,54.78,Received
PL0002217,PO202500383,20250515,SUP011,P000811,21,8.99,188.79,Received
PL0002218,PO202500383,20250515,SUP011,P000834,23,8.49,195.27,Received
PL0002219,PO202500383,20250515,SUP011,P000789,27,6.99,188.73,Received
PL0002220,PO202400384,20240215,SUP023,P000082,21,3.19,66.99,Received
PL0002221,PO202400384,20240215,SUP023,P000104,21,3.49,73.29,Received
PL0002222,PO202400384,20240215,SUP023,P000124,21,5.39,113.19,Received
PL0002223,PO202400384,20240215,SUP023,P000092,26,14.29,371.54,Received
PL0002224,PO202500385,20251015,SUP012,P000027,22,6.29,138.38,Received
PL0002225,PO202500385,20251015,SUP012,P000028,24,6.49,155.76,Received
PL0002226,PO202500385,20251015,SUP012,P000059,29,5.99,173.71,Received
PL0002227,PO202500385,20251015,SUP012,P000025,22,5.69,125.18,Received
PL0002228,PO202500385,20251015,SUP012,P000030,26,5.99,155.74,Received
PL0002229,PO202500385,20251015,SUP012,P000009,24,3.49,83.76,Received
PL0002230,PO202400386,20241215,SUP003,P000169,23,3.29,75.67,Received
PL0002231,PO202400386,20241215,SUP003,P000178,21,1.79,37.59,Received
PL0002232,PO202400386,20241215,SUP003,P000148,23,4.89,112.47,Received
PL0002233,PO202400386,20241215,SUP003,P000158,23,2.99,68.77,Received
PL0002234,PO202400386,20241215,SUP003,P000132,23,0.79,18.17,Received
PL0002235,PO202400386,20241215,SUP003,P000200,22,2.29,50.38,Received
PL0002236,PO202400387,20240715,SUP011,P000786,23,6.29,144.67,Received
PL0002237,PO202400387,20240715,SUP011,P000823,23,10.49,241.27,Received
PL0002238,PO202400387,20240715,SUP011,P000771,26,2.99,77.74,Received
PL0002239,PO202400387,20240715,SUP011,P000803,26,6.99,181.74,Received
PL0002240,PO202400387,20240715,SUP011,P000788,29,5.99,173.71,Received
PL0002241,PO202400387,20240715,SUP011,P000775,24,2.99,71.76,Received
PL0002242,PO202400388,20241215,SUP029,P000372,23,2.79,64.17,Pending
PL0002243,PO202400388,20241215,SUP029,P000436,22,4.99,109.78,Pending
PL0002244,PO202400388,20241215,SUP029,P000433,23,1.19,27.37,Pending
PL0002245,PO202400388,20241215,SUP029,P000380,24,4.49,107.76,Pending
PL0002246,PO202400388,20241215,SUP029,P000386,26,1.19,30.94,Pending
PL0002247,PO202400388,20241215,SUP029,P000448,23,2.79,64.17,Pending
PL0002248,PO202400389,20240415,SUP029,P000436,26,4.99,129.74,Received
PL0002249,PO202400389,20240415,SUP029,P000439,21,5.49,115.29,Received
PL0002250,PO202400389,20240415,SUP029,P000449,23,2.79,64.17,Received
PL0002251,PO202400389,20240415,SUP029,P000380,24,4.49,107.76,Received
PL0002252,PO202400389,20240415,SUP029,P000394,25,1.19,29.75,Received
PL0002253,PO202400389,20240415,SUP029,P000434,23,1.19,27.37,Received
PL0002254,PO202400389,20240415,SUP029,P000447,23,2.99,68.77,Received
PL0002255,PO202500390,20251015,SUP010,P000740,23,3.49,80.27,Received
PL0002256,PO202500390,20251015,SUP010,P000724,24,10.99,263.76,Received
PL0002257,PO202500390,20251015,SUP010,P000762,27,2.99,80.73,Received
PL0002258,PO202500390,20251015,SUP010,P000718,21,9.99,209.79,Received
PL0002259,PO202500390,20251015,SUP010,P000712,21,13.49,283.29,Received
PL0002260,PO202500390,20251015,SUP010,P000716,23,8.99,206.77,Received
PL0002261,PO202500391,20250415,SUP006,P000381,28,0.99,27.72,Received
PL0002262,PO202500391,20250415,SUP006,P000363,24,2.49,59.76,Received
PL0002263,PO202500391,20250415,SUP006,P000431,24,1.49,35.76,Received
PL0002264,PO202500391,20250415,SUP006,P000432,22,1.49,32.78,Received
PL0002265,PO202500391,20250415,SUP006,P000388,25,1.19,29.75,Received
PL0002266,PO202500391,20250415,SUP006,P000407,24,2.99,71.76,Received
PL0002267,PO202400392,20240415,SUP004,P000259,24,2.99,71.76,Cancelled
PL0002268,PO202400392,20240415,SUP004,P000237,23,6.49,149.27,Cancelled
PL0002269,PO202400392,20240415,SUP004,P000226,23,3.99,91.77,Cancelled
PL0002270,PO202400392,20240415,SUP004,P000212,23,6.29,144.67,Cancelled
PL0002271,PO202400392,20240415,SUP004,P000246,23,4.39,100.97,Cancelled
PL0002272,PO202400392,20240415,SUP004,P000232,23,5.99,137.77,Cancelled
PL0002273,PO202400392,20240415,SUP004,P000228,24,4.99,119.76,Cancelled
PL0002274,PO202400392,20240415,SUP004,P000230,26,5.69,147.94,Cancelled
PL0002275,PO202400393,20241115,SUP006,P000384,23,0.99,22.77,Received
PL0002276,PO202400393,20241115,SUP006,P000396,26,2.29,59.54,Received
PL0002277,PO202400393,20241115,SUP006,P000407,22,2.99,65.78,Received
PL0002278,PO202400393,20241115,SUP006,P000382,22,0.99,21.78,Received
PL0002279,PO202400393,20241115,SUP006,P000370,24,2.99,71.76,Received
PL0002280,PO202400394,20240315,SUP010,P000733,26,6.49,168.74,Received
PL0002281,PO202400394,20240315,SUP010,P000725,28,8.49,237.72,Received
PL0002282,PO202400394,20240315,SUP010,P000744,23,3.99,91.77,Received
PL0002283,PO202400394,20240315,SUP010,P000721,24,13.99,335.76,Received
PL0002284,PO202500395,20250915,SUP011,P000848,23,39.99,919.77,Received
PL0002285,PO202500395,20250915,SUP011,P000842,23,5.99,137.77,Received
PL0002286,PO202500395,20250915,SUP011,P000847,22,12.99,285.78,Received
PL0002287,PO202400396,20240115,SUP003,P000169,21,3.29,69.09,Received
PL0002288,PO202400396,20240115,SUP003,P000173,21,3.29,69.09,Received
PL0002289,PO202400396,20240115,SUP003,P000179,26,2.49,64.74,Received
PL0002290,PO202400396,20240115,SUP003,P000146,26,4.29,111.54,Received
PL0002291,PO202400396,20240115,SUP003,P000167,23,3.49,80.27,Received
PL0002292,PO202400396,20240115,SUP003,P000198,21,1.29,27.09,Received
PL0002293,PO202400396,20240115,SUP003,P000143,24,2.49,59.76,Received
PL0002294,PO202400396,20240115,SUP003,P000174,21,2.49,52.29,Received
PL0002295,PO202400397,20241115,SUP023,P000098,21,2.59,54.39,Received
PL0002296,PO202400397,20241115,SUP023,P000074,23,3.29,75.67,Received
PL0002297,PO202400397,20241115,SUP023,P000079,24,2.89,69.36,Received
PL0002298,PO202400397,20241115,SUP023,P000108,22,5.19,114.18,Received
PL0002299,PO202400397,20241115,SUP023,P000073,24,2.39,57.36,Received
PL0002300,PO202400398,20240915,SUP011,P000835,24,9.49,227.76,Received
PL0002301,PO202400398,20240915,SUP011,P000771,27,2.99,80.73,Received
PL0002302,PO202400398,20240915,SUP011,P000825,21,6.49,136.29,Received
PL0002303,PO202400398,20240915,SUP011,P000784,25,4.99,124.75,Received
PL0002304,PO202400398,20240915,SUP011,P000797,22,5.29,116.38,Received
PL0002305,PO202400398,20240915,SUP011,P000824,25,2.99,74.75,Received
PL0002306,PO202400398,20240915,SUP011,P000816,23,11.49,264.27,Received
PL0002307,PO202500399,20250315,SUP014,P000183,23,4.79,110.17,Received
PL0002308,PO202500399,20250315,SUP014,P000205,25,2.49,62.25,Received
PL0002309,PO202500399,20250315,SUP014,P000155,22,4.99,109.78,Received
PL0002310,PO202500399,20250315,SUP014,P000175,22,3.69,81.18,Received
PL0002311,PO202500399,20250315,SUP014,P000134,23,0.89,20.47,Received
PL0002312,PO202500399,20250315,SUP014,P000191,23,1.69,38.87,Received
PL0002313,PO202500399,20250315,SUP014,P000201,23,2.19,50.37,Received
PL0002314,PO202500399,20250315,SUP014,P000147,23,4.39,100.97,Received
PL0002315,PO202500400,20250815,SUP005,P000359,27,5.99,161.73,Received
PL0002316,PO202500400,20250815,SUP005,P000284,27,2.29,61.83,Received
PL0002317,PO202500400,20250815,SUP005,P000304,22,4.49,98.78,Received
PL0002318,PO202500400,20250815,SUP005,P000305,28,4.29,120.12,Received
PL0002319,PO202500400,20250815,SUP005,P000356,23,5.49,126.27,Received
PL0002320,PO202500401,20250115,SUP009,P000707,24,18.99,455.76,Received
PL0002321,PO202500401,20250115,SUP009,P000663,22,18.99,417.78,Received
PL0002322,PO202500401,20250115,SUP009,P000670,22,12.99,285.78,Received
PL0002323,PO202500401,20250115,SUP009,P000673,24,8.99,215.76,Received
PL0002324,PO202500402,20250215,SUP009,P000666,22,17.49,384.78,Received
PL0002325,PO202500402,20250215,SUP009,P000674,23,27.99,643.77,Received
PL0002326,PO202500402,20250215,SUP009,P000661,23,21.99,505.77,Received
PL0002327,PO202500402,20250215,SUP009,P000676,23,7.99,183.77,Received
PL0002328,PO202500402,20250215,SUP009,P000707,23,18.99,436.77,Received
PL0002329,PO202500402,20250215,SUP009,P000673,23,8.99,206.77,Received
PL0002330,PO202500402,20250215,SUP009,P000708,30,15.99,479.7,Received
PL0002331,PO202400403,20240115,SUP006,P000443,23,3.69,84.87,Received
PL0002332,PO202400403,20240115,SUP006,P000401,21,8.49,178.29,Received
PL0002333,PO202400403,20240115,SUP006,P000421,22,3.29,72.38,Received
PL0002334,PO202400403,20240115,SUP006,P000402,22,8.99,197.78,Received
PL0002335,PO202400403,20240115,SUP006,P000404,23,2.99,68.77,Received
PL0002336,PO202400403,20240115,SUP006,P000373,25,2.49,62.25,Received
PL0002337,PO202500404,20250115,SUP005,P000297,24,1.89,45.36,Received
PL0002338,PO202500404,20250115,SUP005,P000318,21,8.99,188.79,Received
PL0002339,PO202500404,20250115,SUP005,P000272,21,2.29,48.09,Received
PL0002340,PO202500404,20250115,SUP005,P000356,25,5.49,137.25,Received
PL0002341,PO202500404,20250115,SUP005,P000337,25,2.49,62.25,Received
PL0002342,PO202500404,20250115,SUP005,P000353,23,5.99,137.77,Received
PL0002343,PO202500404,20250115,SUP005,P000343,23,3.89,89.47,Received
PL0002344,PO202400405,20240715,SUP023,P000104,22,3.49,76.78,Pending
PL0002345,PO202400405,20240715,SUP023,P000079,23,2.89,66.47,Pending
PL0002346,PO202400405,20240715,SUP023,P000086,23,4.29,98.67,Pending
PL0002347,PO202400405,20240715,SUP023,P000091,23,13.49,310.27,Pending
PL0002348,PO202400406,20240415,SUP023,P000123,23,4.99,114.77,Pending
PL0002349,PO202400406,20240415,SUP023,P000092,21,14.29,300.09,Pending
PL0002350,PO202400406,20240415,SUP023,P000073,21,2.39,50.19,Pending
PL0002351,PO202400406,20240415,SUP023,P000116,22,3.49,76.78,Pending
PL0002352,PO202400406,20240415,SUP023,P000087,21,4.29,90.09,Pending
PL0002353,PO202400406,20240415,SUP023,P000079,22,2.89,63.58,Pending
PL0002354,PO202400406,20240415,SUP023,P000112,21,4.39,92.19,Pending
PL0002355,PO202400406,20240415,SUP023,P000098,21,2.59,54.39,Pending
PL0002356,PO202400407,20240615,SUP029,P000430,21,1.49,31.29,Received
PL0002357,PO202400407,20240615,SUP029,P000398,37,2.49,92.13,Received
PL0002358,PO202400407,20240615,SUP029,P000424,23,3.49,80.27,Received
PL0002359,PO202400407,20240615,SUP029,P000375,24,2.99,71.76,Received
PL0002360,PO202500408,20250415,SUP011,P000849,22,6.99,153.78,Received
PL0002361,PO202500409,20250715,SUP003,P000158,25,2.99,74.75,Pending
PL0002362,PO202500409,20250715,SUP003,P000173,26,3.29,85.54,Pending
PL0002363,PO202500409,20250715,SUP003,P000174,24,2.49,59.76,Pending
PL0002364,PO202500409,20250715,SUP003,P000157,26,5.29,137.54,Pending
PL0002365,PO202500409,20250715,SUP003,P000640,21,7.49,157.29,Pending
PL0002366,PO202500410,20250115,SUP023,P000087,24,4.29,102.96,Received
PL0002367,PO202500410,20250115,SUP023,P000103,23,3.39,77.97,Received
PL0002368,PO202500410,20250115,SUP023,P000091,21,13.49,283.29,Received
PL0002369,PO202500410,20250115,SUP023,P000092,24,14.29,342.96,Received
PL0002370,PO202500410,20250115,SUP023,P000112,23,4.39,100.97,Received
PL0002371,PO202500410,20250115,SUP023,P000107,23,4.99,114.77,Received
PL0002372,PO202500410,20250115,SUP023,P000073,26,2.39,62.14,Received
PL0002373,PO202500410,20250115,SUP023,P000123,25,4.99,124.75,Received
PL0002374,PO202400411,20241115,SUP009,P000647,21,12.99,272.79,Received
PL0002375,PO202400411,20241115,SUP009,P000701,29,7.49,217.21,Received
PL0002376,PO202400411,20241115,SUP009,P000703,25,16.99,424.75,Received
PL0002377,PO202400411,20241115,SUP009,P000643,23,7.49,172.27,Received
PL0002378,PO202400411,20241115,SUP009,P000691,22,9.99,219.78,Received
PL0002379,PO202400411,20241115,SUP009,P000687,27,12.99,350.73,Received
PL0002380,PO202400412,20240215,SUP006,P000362,22,2.49,54.78,Received
PL0002381,PO202400412,20240215,SUP006,P000444,27,1.89,51.03,Received
PL0002382,PO202400412,20240215,SUP006,P000422,22,3.29,72.38,Received
PL0002383,PO202400412,20240215,SUP006,P000383,31,0.99,30.69,Received
PL0002384,PO202400412,20240215,SUP006,P000389,21,1.19,24.99,Received
PL0002385,PO202400412,20240215,SUP006,P000370,23,2.99,68.77,Received
PL0002386,PO202400412,20240215,SUP006,P000395,21,2.29,48.09,Received
PL0002387,PO202500413,20250315,SUP011,P000847,22,12.99,285.78,Received
PL0002388,PO202500413,20250315,SUP011,P000842,25,5.99,149.75,Received
PL0002389,PO202500414,20251015,SUP004,P000247,23,7.49,172.27,Received
PL0002390,PO202500414,20251015,SUP004,P000250,27,9.99,269.73,Received
PL0002391,PO202500414,20251015,SUP004,P000211,23,5.99,137.77,Received
PL0002392,PO202500414,20251015,SUP004,P000263,24,5.29,126.96,Received
PL0002393,PO202400415,20240415,SUP013,P000054,26,5.29,137.54,Received
PL0002394,PO202400415,20240415,SUP013,P000066,24,5.29,126.96,Received
PL0002395,PO202400415,20240415,SUP013,P000052,25,5.69,142.25,Received
PL0002396,PO202400415,20240415,SUP013,P000039,26,4.39,114.14,Received
PL0002397,PO202400415,20240415,SUP013,P000006,22,5.99,131.78,Received
PL0002398,PO202500416,20250615,SUP012,P000016,26,6.49,168.74,Received
PL0002399,PO202500416,20250615,SUP012,P000018,22,6.99,153.78,Received
PL0002400,PO202500416,20250615,SUP012,P000028,27,6.49,175.23,Received
PL0002401,PO202500416,20250615,SUP012,P000029,22,6.29,138.38,Received
PL0002402,PO202500416,20250615,SUP012,P000021,27,6.99,188.73,Received
PL0002403,PO202500416,20250615,SUP012,P000019,21,5.99,125.79,Received
PL0002404,PO202500417,20251115,SUP003,P000636,21,3.99,83.79,Cancelled
PL0002405,PO202500417,20251115,SUP003,P000189,22,1.29,28.38,Cancelled
PL0002406,PO202500417,20251115,SUP003,P000143,22,2.49,54.78,Cancelled
PL0002407,PO202500417,20251115,SUP003,P000193,26,1.69,43.94,Cancelled
PL0002408,PO202500418,20251215,SUP009,P000658,21,16.99,356.79,Received
PL0002409,PO202500418,20251215,SUP009,P000643,23,7.49,172.27,Received
PL0002410,PO202500418,20251215,SUP009,P000703,23,16.99,390.77,Received
PL0002411,PO202500418,20251215,SUP009,P000682,25,6.99,174.75,Received
PL0002412,PO202500418,20251215,SUP009,P000681,24,6.99,167.76,Received
PL0002413,PO202500418,20251215,SUP009,P000683,21,7.29,153.09,Received
PL0002414,PO202500418,20251215,SUP009,P000709,22,11.99,263.78,Received
PL0002415,PO202400419,20240515,SUP030,P000462,23,3.49,80.27,Received
PL0002416,PO202400419,20240515,SUP030,P000480,24,1.89,45.36,Received
PL0002417,PO202400419,20240515,SUP030,P000534,25,0.99,24.75,Received
PL0002418,PO202400419,20240515,SUP030,P000554,24,2.29,54.96,Received
PL0002419,PO202400419,20240515,SUP030,P000541,22,2.99,65.78,Received
PL0002420,PO202400419,20240515,SUP030,P000505,23,3.49,80.27,Received
PL0002421,PO202500420,20250315,SUP009,P000704,26,29.99,779.74,Received
PL0002422,PO202500420,20250315,SUP009,P000653,25,8.49,212.25,Received
PL0002423,PO202500420,20250315,SUP009,P000687,22,12.99,285.78,Received
PL0002424,PO202500420,20250315,SUP009,P000702,24,7.29,174.96,Received
PL0002425,PO202500420,20250315,SUP009,P000691,25,9.99,249.75,Received
PL0002426,PO202500420,20250315,SUP009,P000697,21,21.99,461.79,Received
PL0002427,PO202500420,20250315,SUP009,P000651,22,8.99,197.78,Received
PL0002428,PO202500421,20250415,SUP011,P000791,22,8.99,197.78,Received
PL0002429,PO202500421,20250415,SUP011,P000798,24,5.29,126.96,Received
PL0002430,PO202500421,20250415,SUP011,P000835,23,9.49,218.27,Received
PL0002431,PO202500421,20250415,SUP011,P000804,22,6.99,153.78,Received
PL0002432,PO202500422,20250915,SUP030,P000540,24,2.99,71.76,Pending
PL0002433,PO202500422,20250915,SUP030,P000557,23,1.99,45.77,Pending
PL0002434,PO202500422,20250915,SUP030,P000576,23,3.49,80.27,Pending
PL0002435,PO202500422,20250915,SUP030,P000514,24,12.99,311.76,Pending
PL0002436,PO202500422,20250915,SUP030,P000571,23,4.99,114.77,Pending
PL0002437,PO202500422,20250915,SUP030,P000558,28,2.19,61.32,Pending
PL0002438,PO202500423,20251215,SUP030,P000543,23,0.99,22.77,Received
PL0002439,PO202500423,20251215,SUP030,P000525,27,5.99,161.73,Received
PL0002440,PO202500423,20251215,SUP030,P000505,22,3.49,76.78,Received
PL0002441,PO202500423,20251215,SUP030,P000585,25,5.49,137.25,Received
PL0002442,PO202500423,20251215,SUP030,P000570,22,5.49,120.78,Received
PL0002443,PO202500424,20250115,SUP016,P000355,22,4.29,94.38,Received
PL0002444,PO202500424,20250115,SUP016,P000317,22,11.49,252.78,Received
PL0002445,PO202500424,20250115,SUP016,P000346,23,5.49,126.27,Received
PL0002446,PO202500424,20250115,SUP016,P000301,24,2.69,64.56,Received
PL0002447,PO202500424,20250115,SUP016,P000340,26,3.99,103.74,Received
PL0002448,PO202500424,20250115,SUP016,P000314,29,7.79,225.91,Received
PL0002449,PO202500424,20250115,SUP016,P000287,23,5.49,126.27,Received
PL0002450,PO202400425,20240415,SUP005,P000322,24,2.49,59.76,Received
PL0002451,PO202400425,20240415,SUP005,P000356,22,5.49,120.78,Received
PL0002452,PO202400425,20240415,SUP005,P000349,23,1.69,38.87,Received
PL0002453,PO202400425,20240415,SUP005,P000296,23,1.89,43.47,Received
PL0002454,PO202400425,20240415,SUP005,P000275,25,2.29,57.25,Received
PL0002455,PO202400425,20240415,SUP005,P000306,23,4.79,110.17,Received
PL0002456,PO202400425,20240415,SUP005,P000283,23,1.69,38.87,Received
PL0002457,PO202500426,20250915,SUP009,P000671,21,12.49,262.29,Received
PL0002458,PO202500426,20250915,SUP009,P000674,23,27.99,643.77,Received
PL0002459,PO202500426,20250915,SUP009,P000672,27,7.99,215.73,Received
PL0002460,PO202500426,20250915,SUP009,P000666,23,17.49,402.27,Received
PL0002461,PO202500426,20250915,SUP009,P000669,21,10.99,230.79,Received
PL0002462,PO202500426,20250915,SUP009,P000665,23,16.99,390.77,Received
PL0002463,PO202400427,20240515,SUP009,P000674,22,27.99,615.78,Received
PL0002464,PO202400427,20240515,SUP009,P000707,23,18.99,436.77,Received
PL0002465,PO202400427,20240515,SUP009,P000680,24,8.99,215.76,Received
PL0002466,PO202400427,20240515,SUP009,P000675,22,24.99,549.78,Received
PL0002467,PO202400427,20240515,SUP009,P000670,21,12.99,272.79,Received
PL0002468,PO202400428,20241215,SUP007,P000552,21,4.99,104.79,Received
PL0002469,PO202400428,20241215,SUP007,P000551,25,4.49,112.25,Received
PL0002470,PO202400428,20241215,SUP007,P000475,21,1.79,37.59,Received
PL0002471,PO202400428,20241215,SUP007,P000589,21,2.29,48.09,Received
PL0002472,PO202400428,20241215,SUP007,P000457,22,1.79,39.38,Received
PL0002473,PO202400428,20241215,SUP007,P000569,32,3.99,127.68,Received
PL0002474,PO202400429,20241215,SUP006,P000383,24,0.99,23.76,Received
PL0002475,PO202400429,20241215,SUP006,P000363,28,2.49,69.72,Received
PL0002476,PO202400429,20241215,SUP006,P000404,21,2.99,62.79,Received
PL0002477,PO202400429,20241215,SUP006,P000376,23,2.99,68.77,Received
PL0002478,PO202400429,20241215,SUP006,P000450,23,2.99,68.77,Received
PL0002479,PO202400429,20241215,SUP006,P000367,22,2.99,65.78,Received
PL0002480,PO202500430,20250615,SUP011,P000847,23,12.99,298.77,Received
PL0002481,PO202500430,20250615,SUP011,P000842,23,5.99,137.77,Received
PL0002482,PO202400431,20240915,SUP011,P000849,24,6.99,167.76,Received
PL0002483,PO202500432,20251215,SUP023,P000083,29,3.29,95.41,Received
PL0002484,PO202500432,20251215,SUP023,P000079,22,2.89,63.58,Received
PL0002485,PO202500432,20251215,SUP023,P000124,25,5.39,134.75,Received
PL0002486,PO202500432,20251215,SUP023,P000117,23,3.59,82.57,Received
PL0002487,PO202500432,20251215,SUP023,P000116,21,3.49,73.29,Received
PL0002488,PO202500432,20251215,SUP023,P000087,26,4.29,111.54,Received
PL0002489,PO202400433,20241015,SUP030,P000461,22,3.49,76.78,Received
PL0002490,PO202400433,20241015,SUP030,P000476,21,1.69,35.49,Received
PL0002491,PO202400433,20241015,SUP030,P000510,22,5.99,131.78,Received
PL0002492,PO202400433,20241015,SUP030,P000548,31,3.99,123.69,Received
PL0002493,PO202400433,20241015,SUP030,P000575,26,3.49,90.74,Received
PL0002494,PO202400433,20241015,SUP030,P000579,22,3.29,72.38,Received
PL0002495,PO202400433,20241015,SUP030,P000572,22,2.49,54.78,Received
PL0002496,PO202400434,20240415,SUP008,P000632,23,7.99,183.77,Cancelled
PL0002497,PO202400434,20240415,SUP008,P000628,25,6.99,174.75,Cancelled
PL0002498,PO202400434,20240415,SUP008,P000616,23,5.29,121.67,Cancelled
PL0002499,PO202400434,20240415,SUP008,P000617,25,6.49,162.25,Cancelled
PL0002500,PO202400435,20240415,SUP003,P000200,23,2.29,52.67,Pending